"","normal_lin","normal_lin.1","normal_lin.2","normal_lin.3","normal_lin.4","normal_lin.5","normal_lin.6","normal_lin.7","normal_lin.8","normal_lin.9","normal_lin.10","normal_lin.11","sham","sham.1","sham.2","sham.3","sham.4","sham.5","normal_lin.12","normal_lin.13","normal_lin.14","normal_lin.15","normal_lin.16","normal_lin.17","normal_lin.18","normal_lin.19","normal_lin.20","normal_lin.21","normal_lin.22","normal_lin.23","sham.6","sham.7","sham.8","sham.9","sham.10","sham.11","target"
"1",0.692822868447029,0.978756862447921,0.125075440490955,0.198739704418177,0.868016638333509,-1.66116523090066,0.535495088384651,0.789466054385903,-1.95872286449322,0.453114260167086,-0.0528606160494097,0.412048887066075,-0.394421436186978,0.302217172099612,-0.281430309110113,0.422574991682545,-0.255825437636619,0.55801509641889,0.499085576325522,2.37828630843277,1.74658401286231,5.38355080398318,3.66743000422648,1.47806988356686,0.951904505396575,2.30200284337197,0.60902485091014,0.899435988742405,0.295541039661722,1.58968688611433,0.609781885452422,0.809408319624857,1.42881233512086,2.48342070532653,0.0883009055052711,1.68697807281005,6.5070175126476
"2",0.875061437090085,0.813580931319656,1.02120546145886,-1.16349216675602,-0.290806090183107,-0.433753361652963,-0.273177265878719,0.452844749341309,-2.0257914862601,0.534817446515655,0.974908138799289,0.795899298264017,1.31645087284724,0.826039984544315,0.0226819230392096,-0.200619446328127,1.18940441412792,0.669903949444703,0.222047452777134,0.172947389630002,0.31347562177732,0.222779690062992,1.54004595997017,1.76107782417533,0.907189969752082,1.2545235807391,2.51109236404159,4.5912137727887,11.1810199215458,0.730080635391263,0.162172891875187,0.865935384278876,0.906987599760472,0.760230297414511,0.49762103921949,1.5681231711109,5.13873796642
"3",-1.58701848798941,0.893154022964843,0.294617529197461,-0.540995457651639,-0.613438474757151,-0.259861972832424,0.144568273939113,-0.164576859860182,-0.0854481899819577,-0.285565352560861,-0.773217809774482,-0.0839451390399944,-0.428979255086238,-2.03666603239257,-0.782009652232878,-0.752063239236129,0.991920295137051,0.0145932206156732,1.43891482276513,2.52482342950308,0.360269598561781,0.371727846081824,1.24937525377311,1.03540342020031,0.507054096767073,0.323968633650625,1.0163816547065,3.99771968227937,1.23799805507391,1.83382883705054,0.522400527155876,2.28236693840843,1.91687532178352,0.398174450159456,1.3664902021131,0.584267397508851,4.83611568336702
"4",-0.481120206711855,0.589822068867186,-2.70778423112118,2.01196598731134,1.73084239544034,-1.25228182164121,-2.62829287110928,0.170475099510206,0.0756871748663631,-0.764515285209954,-0.439083797550912,-0.00377677398963798,-0.825899566215244,1.22302651556582,-0.330994070305745,0.246734799003027,0.454401524221223,0.0420690512862003,0.388361154826725,3.5987577572551,0.908130918394065,1.39749219875358,1.20540355343666,2.21576230911273,1.05677681690146,0.16925512939602,1.11954436572531,1.83872234209747,1.50440613204699,1.07916395997601,0.265601227226435,0.827652020691559,0.981860809620241,3.49451958603498,0.790930340162033,0.79490961194123,6.00022050917038
"5",0.611364650512993,0.478479088267485,0.101297218979117,-0.837298294350621,-0.0203457482934549,1.31560375861495,-0.0748778663239171,1.33310683881805,0.476456300961721,-0.262549682087218,0.815709013829238,0.426221155875365,0.631053415497616,0.4447953125489,-0.930116670132796,0.413713026599049,-1.08983105964834,0.318437986098553,0.461197927977069,2.77266213495393,0.497715101692914,0.554835195508042,0.807209840518767,1.80258053191496,1.56260153077972,0.940748163508411,1.35535078447103,1.15220189072066,2.12446811052064,1.62980421674933,0.999223619709036,0.419417696935541,2.83417711233807,1.08339586044343,0.710615402838225,5.24202480968624,5.19957335983949
"6",0.346641810541777,-0.224640391307596,-0.221635161903043,-0.248404085165237,-1.58364236811582,0.995289162327933,1.28366326026243,-0.71613631491703,1.04987760172366,1.9383237606073,0.170156202457229,0.0651528636627144,-0.106367327671534,-0.470792979229755,-1.27890996430258,-0.256737530529477,1.84252169229013,-1.38601979511807,0.717242647501775,0.118781107880213,0.259652765455906,0.265741863142171,0.720563495952838,1.69622992230937,1.40346904732639,2.05882923155399,0.324294246220512,0.838160419615691,0.201534672610689,0.223107390039733,0.277432481055868,1.12270375716152,1.58421034339902,2.07702382683716,4.11196837824139,0.130059604861105,5.61844941783922
"7",-0.638766034060227,0.867853598797336,1.40821918402078,1.1071413851353,-0.183715721236348,-0.673270914021659,-0.45000527516251,-0.146557317721991,1.60669888757337,0.319673433997375,-1.50326450429146,0.91467086753382,-2.41137245665265,-0.593154828187862,-1.34262100394516,-0.182604231250656,0.5417794376139,-1.28168742118383,0.784388291503002,1.24582239991874,2.98454820097868,0.616751165202341,1.2036077007464,1.27255696627127,0.160759304131581,1.95963337607125,2.60211501541165,3.27234969719567,0.456556014481972,13.9992112574077,0.293369119110047,0.747329746306248,2.7351811509804,0.371728597463761,0.363546890083682,1.15769222285751,5.42632211018266
"8",0.686478549182703,0.919546790167554,-0.17641695836779,-0.459075759195809,0.899873359957441,-2.0304601412718,1.03077195579659,-2.12103159079199,0.230383305022004,-0.584832086165155,-0.687999514959644,0.13085612749545,-0.434133149219919,1.26787248867732,-0.313640646255144,-1.41652418005157,-0.0828783827106014,-0.637114709610315,2.96675088383263,0.330025738931999,2.31619625960259,3.51217132027631,4.45560290362989,1.83147463705963,0.963178913502356,23.7529421265461,0.459823177085254,0.12149811174371,0.169139694536075,6.31488820678048,0.212535492711423,1.54057665948542,1.07863148604511,2.05001505018669,0.299535285677031,0.795062497150764,9.37487937615823
"9",-0.554213479176594,-1.01335440011376,0.875488616820082,0.597806443288759,0.72886168947225,1.44905093564171,-0.234288170925732,-1.95865904059848,0.939581120263163,-2.09053858978467,1.0753485338623,-1.02335514226639,-0.301480759925971,-0.771242616896728,-0.461050329490447,-0.523356724881291,-0.606561259023951,-0.564925388623254,0.414406882458253,0.47298511199327,2.89764817762983,0.465949655696735,0.918277728500218,0.195447407250756,0.116336459932644,0.915117583133406,2.53765038818247,0.651482064477993,0.669802051228597,0.470541322461785,2.81778312293288,0.326860849228467,0.503524608241383,0.644415749517133,0.537688807544891,1.37710986660826,4.95754720120512
"10",-1.18093990077797,0.152344791605748,0.0579467459266445,-0.430207558298825,-0.371203130400452,-0.0436266786415248,-0.758975408329695,-0.305446106440744,0.518935370561728,-0.545577781254723,0.842060532244859,-1.13844892721753,-0.118144505359069,-0.295097985833262,0.503533520644944,1.3178657539286,-0.200109715271947,0.550106408118786,0.938324688172889,0.358066877502288,1.91972488038427,4.84260991775505,0.243976390369933,1.27461140571445,0.848208870324089,0.53405889554589,0.305213577279742,0.663368532257213,2.62002853782455,0.944637381465447,2.92480744198631,0.461381467403505,0.0880568042182785,3.08407610631883,0.746111046622826,0.352389401999793,5.48262466265665
"11",-0.782251475377672,0.191400048397476,0.623294004486798,-0.961483648242689,-0.725442721741486,-1.04834424804129,1.44064396185225,0.507141367676875,-0.736933393832875,-0.522352130164867,-0.889157563653347,0.39681262219778,0.203404031453303,-0.126826423672728,0.312204452864172,-0.253516618263892,0.455412331923236,-0.910480447247319,3.96393067276569,0.610325127466004,2.18447979648274,1.05655907504147,2.95358365245691,0.831790423953801,0.73364597606008,0.521153192909316,1.00946108228691,1.64270407017931,2.62695147836034,1.32010413573496,0.488048082580365,0.509138952654764,3.41047469700604,0.751148497889985,0.581849145508961,0.491118576086343,6.23394645547319
"12",0.297691150896579,0.283683769742369,0.302205600564441,-0.439884795199376,-1.7913665900232,-1.11421349135858,0.875695231229817,1.34344837899545,0.63974463109526,-0.176875295552909,-0.236046090083556,0.483587247894009,-0.220325701736812,-0.27991522916291,-0.930087926711917,-0.0823193435127424,0.773264598012297,1.80132623998595,1.61011941879327,0.823736263044175,1.50013434258423,0.827421119680101,1.57664536427131,0.846825588624712,3.58090857367919,0.507332283534507,1.84316322807823,1.12623665903934,1.98207838925539,0.361605708102538,0.971401383586107,0.194474926272896,0.987430034399185,0.412493577436201,0.767247980942665,0.312211240211651,6.51317165094264
"13",0.0719362662394186,0.697728682367288,-0.764999463386997,-1.48496028563708,1.29791657684782,1.24851630291013,-0.868582876182845,-1.55204675831913,0.413557467371081,-0.553040140097278,0.488016494298973,-0.352564735356483,-1.19379306843267,0.91587219703406,1.03436690550845,0.529032573396,0.558946711995121,-0.23938868670751,0.185918136914113,2.04313565171145,0.811600009319624,1.57935162582804,2.90730506183725,1.1712879615825,1.12764051821776,0.69526000749885,0.24897516005838,0.593163179350503,0.399675141582714,0.674851490062608,3.47889535047384,1.62441922390114,2.01983011181972,0.915245743713343,0.741360600089805,0.690964168561197,5.84936341561129
"14",-0.352465131174436,-0.160551293533167,0.513931641019208,-0.299967973747565,-0.532923831980477,-2.15591971964352,-0.977591832330203,-0.832115191492219,-0.151783640001947,1.1784957257726,-1.7166505951023,0.791553325560128,-0.609273661405879,-0.383209425523667,-0.352897690142217,-2.68572854878133,0.456403481204079,1.05497549336639,0.410116401153102,2.12719019926925,0.159373534165818,0.41987302922041,0.163460191217549,1.09878405227971,2.33868296927706,1.24280325808292,0.299884988448316,0.266834020300075,1.8069832552817,0.611504201706299,1.03120172967678,1.21919912497097,1.42893561707858,0.427235455573498,0.393485042911913,4.67304763801418,5.52153974518599
"15",0.521076434551249,0.0833941582322359,0.385366248036585,-1.36518672495077,-0.0807617504063291,0.781022087491502,-0.360107123335581,1.4591499186444,-0.408394772079741,-0.646398543690478,-0.244868032783801,0.273844744153041,1.19124995603272,-0.957978731288313,1.26184360676942,-1.25386897526327,-0.40309816559518,0.286288803787089,3.60148799741291,2.37048569449297,2.63394005078583,0.227524756534029,2.5962171404463,1.19383957052622,0.422109407675155,0.4021223623638,4.12614438702532,0.886084548639491,1.09903759296701,0.207568662093051,2.33298185105018,2.3072240425738,5.28651191577304,0.238756297576194,1.04006235068671,0.785293473440186,5.78987169683837
"16",0.899105175166856,-0.0657151196816996,-1.35820471335752,1.381596681123,1.05086459730012,0.046902518923476,-0.535477142584979,-1.02773615290234,2.02266696470176,-0.852347509751268,-1.74703969333105,-0.196145451215533,-0.910042724480209,0.0587534872765885,0.376408692780391,-1.74404615369359,-2.19921715823003,0.970805050309444,2.45355941726966,0.430185872603108,0.539613002540317,0.687591186931017,1.47746587747175,4.66559056393189,1.04753788524863,1.7469165926341,1.20623843961672,0.50702357831337,1.40422453619912,0.583759344296281,0.450271336747545,0.780860312620348,0.392972327227517,1.15717523565538,0.499769685609559,0.679207848256754,6.76636347713993
"17",0.795012906904355,-1.52233034558525,-0.17669875592395,-0.588272007731266,-2.5047119023301,-0.302666414675424,-0.250513233198404,1.29300289225903,0.763966768311725,0.38228819946819,-0.517065228094759,-1.72162754479499,-0.497448478959722,-0.931705078484941,1.48851456940037,-1.49636737397883,-0.630034638523487,-0.901731334895594,0.147228938182822,0.705154157118198,1.14231300037521,0.215452009225014,1.32145667923438,0.473484017554211,0.161202240928217,2.32610387160072,3.89811321350293,2.21739747116456,3.25072680681535,6.58432867317482,1.30844257144784,2.71368443052812,0.136482314316224,0.0948523405240997,0.214507726069006,0.294780860688453,6.38663927981393
"18",-0.325378855428389,0.262749208725664,-0.63334240528366,0.775523638580743,0.514560220147468,-0.803274390901033,0.278915456995501,0.0488355571954682,-0.359266363483627,-0.540706682720678,0.211384955287701,-1.54693467189752,1.29971939332472,0.61533469995305,-0.486797125052055,0.949119571326839,-0.55694847048015,-1.40873058567713,0.719655671352233,1.59755291543323,11.6792091900704,0.41520284136657,3.18881375927829,3.54873682392733,2.58341167372304,0.505895040629105,1.38865448389644,3.33417157220891,1.54257141582384,1.89364196376659,3.02190796532764,0.287397816884869,2.72904901239264,1.47875951763886,1.74017919436064,2.18934937003307,6.56312035987493
"19",-1.55665961661429,1.62664454437819,0.393736446867048,1.81884451704623,0.427687827839466,-1.06602397469065,-0.103918930993317,1.01489345572035,0.741524083382838,0.12867670625879,-0.973379289414835,-2.13295577749353,0.0356459410073272,0.776419795496877,0.0294317967274542,0.133882662545457,0.980727783125297,1.11884840235744,0.908437768373408,0.219066462021406,2.67289913495183,3.49322624328446,0.788544636914912,2.36162164353384,1.13305014372226,1.91004142287098,1.22435324289611,0.588356085357694,3.75336541392831,0.197115173152673,1.41312539675198,0.197763213268076,0.744551603141759,0.796583365193563,1.46049103020112,0.638017634930113,5.58555287955198
"20",-0.661105668500009,-0.265898350727826,-0.481607795987137,-0.206489117146686,-1.51701249017894,1.12826432999103,0.456525217468967,-0.0755688036146241,-1.45688525037254,-0.719186961851432,-1.70298269771717,0.505245383508687,0.257089164030952,0.270027683129505,0.593077976150409,-1.14216586498189,-0.845434518492192,-0.842117678756748,0.375944063035037,0.818577536894403,1.08594111374849,0.52925661233604,1.97623226066307,0.989349195900972,4.04953447907935,0.448715832283371,4.09642440499336,3.47393644288486,0.922053480181678,0.198517976652182,2.18995129353792,3.38379106357982,3.73923687302645,0.563441940593414,0.331500438166449,1.37915154970694,6.18293838743385
"21",0.637494996691322,1.22080200470651,0.48189568328558,0.524602309715824,0.559239572587463,0.626026680397767,1.05345815278445,2.0682526987665,0.397107612180939,-0.586225584152219,-0.612718053215872,-1.94718557821247,0.524113506860524,0.0715648968855677,-0.0488368255716997,-0.261450649852432,-0.812192491523276,1.44614323310205,3.5932015050616,1.58302795786519,0.496962078854221,1.51980803041582,0.760468426949183,0.748486673169061,3.18078961717881,0.180049225919252,1.3154696045072,1.21705346848794,6.68467616523809,2.08729812231208,0.743805051214419,0.161765485908606,1.01568311809142,2.34713692563947,0.417987745798148,0.399477331686342,5.93964425727802
"22",1.39721237822232,-0.735339054082332,-1.37636361437172,0.619004001699668,0.711612703342866,0.0113800722080089,-0.00190973166609729,-0.553171551361334,0.468348035191941,0.00632269858791113,0.036323802875209,-0.482804437910404,1.21974324870653,-0.591642425548185,0.245003906831188,1.90501593289263,0.780734580013517,-0.360492565765629,2.21294100636353,0.155836529327361,0.862656145272231,1.75471059480429,1.25633026476747,0.538310940817989,2.63685363342512,1.41521370258152,0.338062143504328,2.17827451748757,1.63491003138868,0.786481228900734,0.236339918960181,0.82460114153769,1.12775581153384,3.45881927964314,0.276509983532593,0.735751202746177,5.67231239732043
"23",0.0988509213189579,0.903357452124844,-0.553696875667246,-1.42289109149168,0.699321437019643,0.0256698343349706,-0.200579302771753,0.419280681490162,1.89574738577818,-0.0989796042450017,1.06295089321506,-0.394794780807587,0.312263756613615,0.106020376572091,0.554700714775352,-0.321198923216037,-0.344970652798647,-2.03639960953788,8.37205778458598,0.399515550113167,0.87636480529021,1.45881001913492,0.52521737702341,0.996531734603058,0.145849270091059,1.55778344619072,0.620499532026658,2.35060967205735,1.76089546092475,1.9223291647168,5.51860088585935,0.34122912596331,1.80496363944674,0.925055907247659,0.88116210491623,2.7071536569463,8.71316553378162
"24",1.30697116351462,-0.252762857274927,0.344130353156342,-0.835833494519133,-0.279270309071904,0.857146708902547,-1.77305957732073,-0.0529944809363022,0.899708565681677,-0.640442043921521,1.02803806436759,0.263041930188426,-0.23044925835839,0.679116114468608,0.845874184840513,0.330587077086904,0.0942029908011375,1.35723508978428,3.10757290461382,0.679819213299139,1.14255359985347,6.38029510992453,0.543855173569015,1.52580760704437,2.05301272004891,2.62554739363171,0.883668789214044,6.5931955935752,0.219124688521254,3.0215025261767,1.03186172945576,2.09396643098014,0.26630083883143,0.230540138132405,1.30012296968917,0.47334575280679,6.51244091726585
"25",1.6098106134218,0.110358293452491,-1.86624755880541,-1.23558505692777,-0.0149761279271093,-0.621016942739571,0.340039902184246,-0.72676701202988,-0.302395758800102,0.0479490604271848,-1.5266208131839,1.16929866656591,0.8370694497395,-1.78254884306309,-0.157125272604781,-1.62032769709616,0.412327456101758,-0.885475299030026,2.184844452511,0.202602089415096,0.715734474138056,0.465429906413179,1.06093099544974,0.534678672398917,2.06820379496964,0.187672019596248,1.12038654820713,2.97294270462432,1.52379240259807,0.617178902019944,2.87539474645317,5.22791995632303,0.220981513897102,1.56242686247545,0.472040880459362,0.288319744379142,5.17465912546593
"26",-0.225546812366156,-1.23031110223943,0.945696473212457,0.592757000830687,0.19868981942222,-1.57645156429757,2.00058311455192,-0.670035087630218,-1.02308205924693,-1.92222230301022,0.2818675604782,0.722062409557193,1.05863345112668,-0.123537389685921,0.739396323573908,-0.403399535969428,0.622478658543032,0.882230161507179,2.37406610112606,0.201750736339134,1.45493001741792,1.44164750218527,1.29189871774533,0.291363354461037,4.9425286039124,1.50252692085436,0.18049633336001,0.934578476366375,2.30329654220919,0.582760688124522,3.21193830860437,0.48801620975861,1.69995624171402,0.238895444568274,3.25698109491013,1.40979740583167,6.60899904434488
"27",-1.18395196411609,0.206302021055788,0.322766719346792,-0.118811422991491,0.608232878397953,0.61339326359641,1.97650808719826,-1.10704510126949,0.373004950965084,1.44408356715908,-0.82048496477558,0.637056794371649,1.21169320779763,0.107122298735389,-0.178548857516182,0.659781671916816,1.80686463451596,0.859417444749158,1.30842345518873,3.30126226279585,0.137477177087907,0.386336104107719,3.09642191503608,0.369907776191033,1.34552071361669,0.505152021034809,4.66784818508166,0.844563821096091,1.31518506870798,0.64102786274813,2.33012518879837,0.26813341213629,1.00646735634846,1.94562673356501,3.11993434382367,1.93374233009337,5.93828401915721
"28",0.13405166566771,-0.519001779363161,-0.999206685664111,1.0850801219876,0.125928238123387,-1.67042531725138,0.455756570287157,1.31303360401295,-0.186684677703665,0.760671950530009,1.66234837693132,-0.0548948558171619,0.142156783760446,1.53349443352512,-0.242070465844908,0.536140988832687,-0.368543776740695,-0.468061742116314,1.22617631003581,1.2162718513385,0.208752199345457,0.379012349256661,1.27283278010431,0.214626171616913,0.602052916818105,0.632899368615359,11.7392724285302,0.275561354916906,1.32172667751312,0.681870146004976,5.97954007070143,0.915031323812952,3.9304631010747,2.11499209851143,4.20394656858411,2.33128919506434,5.37989803829065
"29",-0.760734751650022,0.0104857797827441,-0.843088616828027,0.584269938034564,-0.535195868281979,-1.686591489339,-0.30337786327718,-1.14934783352464,1.07228389926013,0.650778461322931,0.162468575203392,0.422351409231116,0.234603699694899,-0.678752519069217,0.627972159821417,-1.1367814177313,1.19108485715979,-0.992101647205455,1.85566486567121,1.57452988281449,0.904207661706486,0.397700251504821,4.18594873475617,2.02770010762152,0.144484793706139,0.880236351608772,0.697310571883413,0.698903369797899,0.244439990993131,4.5665789009335,1.04935676709357,0.354114692647507,0.336254707055738,0.301307949848874,0.228893225095576,0.971259739707127,5.96452046191257
"30",-0.760527324966612,-0.784929886796515,1.41250237132755,0.425637742997972,1.01493962832325,-0.582774766081048,0.63287226740206,-0.698463220678006,0.802267480645978,0.669875841139934,-0.169292184194562,-1.33398097491389,-1.16749198778891,0.31580983687935,0.718360470811811,1.47524878695125,-0.15356756378003,-0.681148719048489,0.744932787540335,4.86363151705372,0.717728290293211,2.00021775422818,1.22896044113925,0.434243810774208,1.93117773915768,0.680801364744444,0.180938264160449,0.851398986160969,2.38641054329298,0.577220761139981,3.43215293231813,0.302848085445077,0.995280112679882,0.38810957262095,0.459721780426833,1.96274023713639,7.4350270181398
"31",-0.109463103092637,1.25893819091118,-0.0485955228927782,-1.63287950441102,-0.407039946193753,-1.2860193629685,-1.03522176186515,-0.0717186548791055,0.990558751526233,1.42080704965531,-0.308554171315701,-0.370059300663012,-0.51268883134667,0.152146685472207,-0.344763367655999,0.891561824317469,1.02541051874152,-0.150174837975237,2.38086893087585,3.63928924455024,2.65679950922955,0.863389036505863,1.28867425021504,5.60575274902201,1.88545605906332,2.80408325937069,0.861143636890677,1.12505533817027,0.337380615321264,0.791190454466795,0.860435947619871,1.02380393080793,1.48630221002953,3.1736501109549,0.0579000570376063,0.537544834238135,6.57655553464984
"32",-0.275804036071105,0.33764461702561,0.61345767569685,-0.871889384417964,1.14401989336778,-0.205364052369034,-1.07293275491894,-0.358244753013026,-1.70171565560725,-0.254736721705168,0.619294485956252,0.0166944242962239,1.74321276399975,-0.00405499468645324,-0.308416070892315,-1.65842687072907,-0.861690886501247,-0.222446296244982,1.42690023019874,2.39520439569197,0.633997126057314,1.14460157980626,1.58502194353393,1.70717979023003,0.912903535890747,0.680357004259962,3.71120916303762,0.955735627373779,0.507065267831873,0.856317796572123,1.84921384699503,2.15114982761832,4.52940559080265,1.10318712295678,4.86741765454022,0.691046608475234,5.52926687777506
"33",1.89606961573802,0.391454002038547,0.686512757510558,0.93011734568715,-0.302243041798049,-0.151223936873579,-0.83020751828848,0.0630670004417391,1.3558843392798,0.354292049485023,-0.10317790280504,-0.364392076844387,1.93594661965194,-0.0736175636612611,-0.391261271399339,0.320443117646941,0.77559200077917,0.65093471334438,4.62907172665136,2.71352560481403,0.909665508158998,2.29840705252293,0.466603312175968,0.355868941308524,2.23209076012416,1.88816326224195,0.842782280864682,0.969527706963396,2.61325991085518,0.831607028909249,0.283799087148885,0.944670025946182,8.7634378003225,1.37898065049241,1.31259851735986,1.0060030007446,5.67328812907175
"34",-0.868950001118459,1.04047144996914,-1.36724634930622,1.41546646169793,-0.258948997468003,1.90226427645074,1.03297972152145,-1.03405773184139,0.967310427347264,0.0268116957729133,-0.638294000907202,-0.975040356184425,-1.26226313483908,0.524899081606771,1.08327993545337,-0.916146773722534,0.319518260512746,-0.880851845038566,0.672381457351419,3.05890230814063,1.37601152684538,1.73103018995241,0.483758633503535,2.14880777619089,0.841027664285992,3.77634242845199,1.30565556943178,0.53953859545979,2.24033491997718,0.376817155902018,0.770695686165184,0.715708096021065,0.818734449288573,0.454937375607919,0.268631617117553,1.05186608799899,5.80879619002617
"35",1.17814169882185,0.217943059592326,1.35939127382542,0.27755753908914,0.348915445577929,-0.167254862624068,0.0416017071382489,-0.0784385568643206,1.67816390537006,1.75921304814816,1.13503740679833,-1.7254655079451,-1.92556225377382,0.170090513219512,0.287525759241277,0.439465442100519,0.290353024330593,-0.689727556978734,1.04306752714338,0.545691028059886,3.26092535047746,7.6877939918405,0.495605762576169,0.426740454864203,2.06392434643611,2.23518987205471,1.44024924486443,0.173219577222177,6.89628529685137,1.43920735852443,3.16695451386955,0.66038053733353,0.419744985559706,1.18053524984704,0.234619923528263,3.74840690673276,5.72305493436517
"36",0.24710927206432,1.04955919378067,-0.491840147758358,0.257035739781782,-1.53721794886487,-2.66194276153066,2.14514768732064,0.0476825343183316,-0.783423286230043,1.02847284527615,-0.600085154203543,0.666621451451699,0.147756796153634,-1.03494669690947,0.533428328403609,-0.270267121333494,-1.96483237953682,-1.18115559934917,1.47541753693673,0.600214916542814,0.774084937472738,0.589670559753706,1.52733749163472,0.631608594182907,1.70826445236126,0.443559151897707,0.869019453544029,8.59667537837547,0.51563179206701,0.603934648759169,0.395964844105004,1.99540401711337,0.691586147750828,1.01875104475437,0.470644443883292,1.9923460140657,6.21636449471802
"37",1.95147046416192,1.75769931013229,0.737580739768792,1.48608288839047,1.19600189792605,-0.269333101870248,1.01574471376946,-0.0518221692906885,-0.405332782643278,0.915717379627021,-0.783331893873927,0.887396899120183,-0.290574101469895,1.38208068613855,0.797397919293326,0.353775226895616,0.352200535775457,0.93693799823545,1.45183748296931,0.547441725651556,10.5328695459584,0.216805119409116,2.2609590641082,0.553787865492854,1.46558702567902,2.8455068838619,1.67883045236804,8.17691792309983,0.833737938986174,3.00521312933867,0.993674731962227,0.610661440575946,0.900549314572945,1.17844439919869,0.374514388244259,6.85584725980207,6.19045000672829
"38",0.984643604215403,-2.0474922223598,0.82483837595861,-0.246683105632722,-1.00952846324779,-0.079329941927099,0.0359764157575506,-0.193292932879511,-2.94395960452458,-2.19265312313186,-0.263917898249777,-0.991564787081992,-0.00567656347427447,0.808284033611327,-0.853229727856665,-0.138557499049138,-0.323721000040761,1.36805760497319,0.52377500890947,0.539439821485548,1.43853155021581,0.843091178500511,1.13928374413301,5.3242030254928,0.403331723223078,6.52513684626995,0.139975412410974,0.700941842354246,0.975501753747215,1.32325793195269,1.50747691031192,1.5020212878956,0.486490932752868,3.40360033005472,0.608960200219516,0.920274140463967,6.78238108732502
"39",-0.266885250826418,0.357261722612284,-0.899168027091005,0.420921696534605,-1.11344556666188,1.1545979026446,-1.74754821836184,0.520353792404197,-1.16106308465621,-2.19680778702359,0.066602453414461,-1.06446672359014,0.426578883755963,-1.38302298690453,0.53252885195882,-1.43000878672692,-0.791595594854144,-0.440515134934903,1.41393334178471,1.05820360742189,0.496196092501166,0.471319992639373,1.56508966484647,0.231526314527825,0.604590608691546,2.92164419158826,0.517047107169956,0.19110708415636,0.546495312211685,0.513364236510005,3.59132648012325,3.36538850442079,0.32084151107537,0.36938285592786,2.51754793285747,0.578776299746502,5.43756206455028
"40",0.513703190596636,-1.01232257616547,-0.59807219911999,0.507028160564808,-0.384748159356912,0.306767957063357,-1.31365523591354,-0.161037534186365,0.226690018345998,-1.36924553898274,-0.759153890734476,-0.27029444713869,0.166800565950307,-0.673910063074621,-0.942040105598959,0.522527386056855,2.58629693633084,2.36731495076411,0.378892153732923,2.57312452927326,4.79582766017818,0.557362375331218,1.22887665530407,0.680732837243763,0.241432854511985,6.84100242427407,0.973803230019764,1.35482630748604,1.01999772075042,0.475779253145531,2.57697068395494,5.29868743445452,3.99271172092176,0.469911202971824,0.599176697212006,2.1463797764482,6.47731954554614
"41",0.98607638746223,0.51466808581922,-0.538942370222374,-0.489134702155158,0.310995350459018,0.709409640003885,0.0967181634734714,-1.4155333127261,1.93109213847256,0.512882624025872,-0.81684964305462,0.821561759826101,0.219560404465983,1.13389693615126,-0.384027147147581,0.0969049333285751,0.134513867391246,1.07809433699862,0.225523660509513,0.320426819842717,1.40445891825957,5.52900346333403,4.65578670898331,0.782031007425733,12.8080100557191,0.253934281810344,11.7445331047301,1.33384232551084,1.45332743583238,5.7999722243868,0.460274538402603,0.911460208766909,2.02292752086469,0.142361041699286,0.187810993356883,6.55471697150822,8.64826640700385
"42",-0.228292478125269,1.95390602387312,-0.434174436013161,0.191671857782174,-0.249287220161615,0.395864002303979,1.42847526349807,-0.711274180032899,-2.35782161966019,0.167611877265271,1.39335225439739,0.444405675817826,-1.18830246091352,-0.0807457546129648,-0.521397924363148,1.20249044728812,0.530216521425578,-0.463824944311991,1.50305115390009,4.06965860645021,13.6270722845538,2.54831390848791,0.236833412324558,1.35176303068175,0.678941763239513,1.38426914936694,1.15343318525956,1.52317813266359,0.232876589074654,0.770418297391788,1.60692963881243,0.246454251738944,0.148766924693244,0.534581344222357,1.72368211740226,0.406315801175167,6.09805001309841
"43",0.572709023487297,-0.959884386653523,-0.953456728810388,-0.55464196693931,1.54604449433971,0.744617170962554,-0.689566463537958,-0.308266633380554,-1.34251540703891,-0.0170473370054685,-0.629946207486144,-1.34487664834141,0.897454953911897,0.058730430987948,1.90842576406898,-0.146877498134166,-0.463539760193266,0.435838628891856,0.466735493430874,0.547983853713953,0.15663676782032,0.377070782709506,0.802267586649714,0.619887494064685,2.61076726128013,1.53820653608876,1.10827342902731,0.250883239401664,0.785398890630664,7.43655073386771,1.99110364604919,3.78634524900944,1.63664765912614,2.23842791311725,2.1731883600731,0.848672863121599,5.45993664175933
"44",-1.23845102999379,-0.237529806422801,0.50136224203964,1.02612817281184,0.626971520094728,-0.644899302987839,-0.129905728571218,-1.71433302721142,-1.25520402244003,-1.44921428874902,-0.480632463578428,1.85928476688482,0.125512312538194,-0.629099036704544,-0.90448052748855,-0.77040942857978,-1.55459540868556,0.989809651784709,3.62013779983447,0.348520447820815,2.91477189770077,0.327719573200939,1.60554444871874,1.06021299394883,0.488707375136406,0.97987329618856,2.06393199414057,1.66868826192402,0.253343790328048,0.42695944115457,0.404461708203578,0.76865582780429,3.08923166490182,0.229793018495593,4.08944481033647,0.660895245237876,5.19709904421281
"45",0.812969820570269,1.28879798459657,-1.236880542962,-0.0873289127207266,-0.759702935033895,0.10601548558668,0.869443001828486,-1.16375338502669,1.22149752258362,1.34549858930836,0.175072924388477,0.419282552135968,-0.854609403456028,-0.115127269926792,0.511188830471424,-0.134388534840877,1.67502652796955,-0.51571095252276,0.844933568463442,0.894587066601704,0.530950857334028,0.32825532495414,2.13755197774097,0.846871544861853,1.28006818920349,0.809988230984557,2.15884362100773,0.756537074338074,0.101762653851987,0.306654331266942,0.461438324344758,1.55992580275289,1.18578605843548,0.351191914517574,2.37229050123497,1.45852350631648,5.22649768457617
"46",-0.59604916525069,-0.783250314939366,-0.179451655952158,0.121802029682974,-1.19970684546204,0.965602438445464,0.803769129127002,-1.5066619329537,0.532454455602494,0.670625541273082,0.168029159641889,0.0374483797682325,1.11856981690428,1.06038879330942,0.076803286892575,-0.65407007145308,-0.324459298708029,-0.696508104622662,0.454129473903141,1.36394593167371,0.754964101823636,0.13454491954166,0.396579342575082,0.214846226094195,1.78447181474521,0.568747852674084,2.55686736512352,2.04565995500327,0.24196173438057,1.35934918356049,0.434302185919343,1.11021054673012,0.448536201241117,0.192266226431635,0.870118721115588,0.354480761608681,5.48094125789614
"47",-2.77675564201794,0.960637285941206,0.299606382094582,1.30441414051099,-0.760008458332479,-0.679230112108104,1.05011770826524,-0.959640155587938,-0.0190294733430123,0.719596326058291,-0.00816243478778813,-2.08032606586425,-0.335209326994006,0.0481343351057232,0.525718240837724,-0.367666182896716,-0.561445518936574,-0.287416299512917,5.16801648195487,0.153035112158708,4.66305925760266,5.51875639179902,0.640867667678297,0.756409510684202,0.406202304474747,0.367030783971855,0.256005524491992,0.31098414597356,5.74493742602053,0.302824466162752,1.14450187344608,3.62126462195989,0.995941790557877,0.313524153637851,1.56523352635487,0.77514117134402,5.65164014923988
"48",1.09156839311344,-0.271223490497805,0.257140229305638,-0.0566702824714063,-2.90795992324934,-0.815916727741735,1.15795462017364,1.07914490253006,0.809815154804195,0.467834453178904,-0.213624645786089,0.597435084028696,0.974093551864686,0.164797210008754,0.938620269548443,0.348573002168709,0.776810123609149,0.727160585653779,0.73614101211922,1.16557790868377,2.19471832443091,0.430946729356207,0.140312039565469,0.353139358370046,0.769527807219615,0.689466138790212,1.25222839246356,3.67615078620197,0.298588849084233,1.00205640237302,2.09504870949075,0.789995099172356,0.800618334333492,1.08053101723883,0.18868224709146,0.724397807171766,6.02329014419957
"49",2.0207331715732,0.332146866604072,-0.225369254047941,1.71963815496004,0.341111861657799,-1.54341238423839,-0.848001464194038,0.549904814814519,0.32463721331582,1.22697136188451,-0.0511514657271504,-0.404809247788428,0.685462438176976,1.41912659262027,0.157461154450161,-1.82945658959545,0.0533782482243849,-0.686315846448035,1.3185109395839,2.15926454921442,0.500563667788355,0.330281956920586,0.701506876751434,0.362548773301391,0.379333371058925,3.41147916639183,1.77744651761713,1.05263844388637,2.9095849579008,0.876730081730614,1.17772840044185,1.47932093701954,1.11986851399974,1.24974303919374,4.10109954160171,0.341392003148575,7.03753145698515
"50",-0.290373484513913,0.55830117843264,-0.0125447429788045,-0.298209371815103,0.225847631083702,-0.236694946988309,-0.859791422719767,1.11776748996125,0.955795799900192,-1.36677027914572,0.501275961517247,0.0421004247155902,-1.87166833621137,1.09321970392557,0.336386971739897,-0.107432608656471,-0.363658087940622,0.660636367131705,2.54352121583337,0.596876172941828,2.19076402559163,0.285081467137491,0.0855874148057121,1.07867280948201,1.16910505615287,8.30176288849252,0.486955955171248,0.565073237301933,1.37208543800528,0.411852199377553,0.0557786748597849,4.37472711694001,1.24843867950421,2.29829663454521,0.392548593370474,6.81247237489292,6.69903729991662
"51",1.00434361176195,-1.33854203889936,0.360847434522408,0.861988657320938,-0.745451978811173,0.105369939279968,0.0706034004812994,0.901731501303744,-0.970423817057208,0.76106778414693,0.214791585668873,0.701840937150395,-0.808821358739825,-1.45117465394275,-0.757062109204176,-0.251754254620009,-1.34405085147531,-0.284869506999334,0.152989513343745,0.803821545393523,0.812809561581834,0.528039366142005,0.400704872140072,2.04170585378841,0.611950003735813,2.46925437842879,0.578054378697059,5.27311063022644,0.0610701650956923,1.1225912147364,1.49933566642007,27.5627584924535,0.804088721484191,4.01572147208556,0.109986015962354,0.426349692105576,5.325145506595
"52",-1.36566277801136,-0.657839756017915,-0.227568408094751,1.2816584443501,1.24775438527561,0.684437508058094,0.67741528724928,-1.08179618984487,0.195962120103842,1.44265841898199,-0.317957750934437,0.746403820350125,1.00772276866916,1.19334803110486,-0.0789768360057601,-0.898747650664122,0.506628797154643,2.39621163992379,0.695563680993439,1.43876240400563,0.986037943493121,3.28714414924223,0.992850440830839,2.25630259854818,0.830872286375892,2.55751171915521,0.849551829280809,0.334719812371696,0.834257659276838,0.616807113715902,1.14813662970583,0.975421140613487,0.379009918958889,0.757222401672774,4.33912027211604,1.52907465348073,5.3938111376051
"53",-0.32854496090461,0.188468111516799,1.04669196545969,0.173449001942236,-0.86084776389157,-0.956697885512669,-0.721578940281681,-0.364068754485941,0.865341652201998,0.438476242710673,0.131532793830344,-0.326734784496324,0.298626525889844,-0.141960713806569,0.373068063903541,-1.02068085521828,0.215769689886027,0.185366652599868,2.51973877388675,0.884616312446592,1.20977947851034,2.35011207968164,1.12457023314899,1.37009774930474,0.527587821133742,0.692761887751372,1.90722733296153,0.136902235651019,0.778905055226433,1.3122170653311,2.65975196557266,0.453690142391617,1.51833673030487,0.330651734905495,0.959639723974712,0.366534523026052,6.21740364315402
"54",-0.44279915773554,1.39077217333605,-2.09127505558229,0.152645020350538,-0.180076442879932,0.811253179527335,1.17850173393445,-0.684538370934363,-0.316478941095041,-0.749470122399467,-1.01774679554165,-1.43935790549598,-1.27515173616557,2.40083600842456,-0.810632076931919,0.033307263414505,-0.532259642919102,-0.931974508405831,3.88176802039543,3.40934566700697,0.468574504007464,0.691919269423993,0.728037874819484,0.300046302540669,0.399358138008284,1.56156423321376,0.399240541737155,1.97239307625596,4.06640380108552,1.65409204822621,0.646161268507673,0.474183034675219,0.736651082479661,1.02506928486306,1.07361220799948,1.80147585072089,5.16954629654596
"55",0.205899774570188,-0.0383233210549776,-0.919359461515149,1.17143863740645,-1.71247136462564,-0.900212813830019,1.09616846096412,-1.46035702164992,-1.24516918915803,0.310852693957803,0.521811285993751,-1.5557316334075,1.40803789978089,1.17046805588212,0.174728809772702,-0.652630923213314,-0.552750352530708,-1.3566379183208,0.419172832554159,0.594320378714209,1.78165924704133,1.72737173636284,4.49494546187556,1.49086721021816,0.212027614271806,4.55341474047112,0.190526572312924,3.47734277061415,0.457445105445475,1.1551371144379,1.64063376952366,0.188193482509498,1.23843059038071,0.435704258014994,3.7296538046951,0.284930153895796,6.66182075475284
"56",-0.0183792119536432,1.0351513971199,-0.24016344066921,0.387825237493805,1.49732979146819,-0.571845386809551,-0.352331596571894,-1.28724864107242,0.172350955092803,-0.0297196008938869,-0.754510010952783,-1.49744483191961,-0.15999915141944,0.133963864319946,-0.0220119607177901,0.439585648404428,-0.439778167680314,-0.46087048872476,2.14843366743546,1.03234448544735,0.268592463639726,1.59075840152394,0.251035437312865,2.9335965296266,1.13174659097107,0.523002113267352,0.582503971684919,2.74014470248931,0.493194616906068,2.56057147960014,1.45684812039263,2.00863716115927,2.61027518658668,0.687890326416677,1.51420681112956,7.72940925170715,5.60323584405487
"57",0.481824186879745,0.728862154965383,0.525521674115454,-1.62557476629555,1.70494218210065,-0.702369222938526,-1.69888639380585,-0.129426356793466,1.93571951202239,0.19057261422278,-2.05502204343963,0.790865950944341,1.00298992156434,0.127774053380643,-0.243229763408272,-0.406908672793078,0.619416458932783,-0.6306989841807,0.76625300385583,0.866700421100186,3.89984544523097,2.78439134458577,0.916712815525344,1.12848295469542,4.34198647551264,3.49359642055247,0.763894576514548,1.12927991428652,3.82266257873082,4.26806872748903,0.989281355823945,3.55911140677312,2.92213651638092,2.34614392372485,0.243484820381071,0.82597016218071,6.56943142405381
"58",-0.518324574932928,-0.0248426036232743,1.27101402746268,0.861594897672148,0.814707666039729,0.343965861526317,-0.840612544677616,1.47813763283859,1.20487907748403,0.280784721356899,0.23574885070219,-0.329621134938569,-0.493799594595163,-0.561008838848582,1.27511645377649,0.414130685990721,1.03318303589129,-1.19416348433339,0.757381302105759,1.22607498606433,0.53007351669345,1.12565981629157,0.104978494132208,0.348966849600122,4.92204846141776,1.66820360012365,1.35589697055612,1.83377539831642,15.618078381673,0.169034287762602,0.093291746381511,1.44108910775686,0.22994975361593,5.68628877047704,0.374575301683594,0.257385759982322,6.54786047592214
"59",0.596440192259447,-0.529187706658953,0.23757718250711,-0.489614633204042,-0.107787357859852,-0.737611643276497,0.437429709453097,-1.26824643429793,0.103453763035139,0.568386967447869,-0.814880682381039,0.0111704573538008,0.471623658595412,-1.60297245083538,-0.668027412952095,-0.401639509578753,-0.429738744721142,-0.109080712197047,3.32543980324865,3.43040034811565,1.87234093726638,1.35548018212424,0.722596375308453,5.592711194978,0.594403985253556,1.65856948913957,0.398206622740236,0.511649172724877,1.58311280231617,2.22301252326107,0.154681882985681,0.296180150878271,1.50528385152345,3.43050503910515,0.18679933582202,0.35359085103279,6.30017837747561
"60",0.520491384237332,0.159479663979554,-0.653831043323161,-0.054897087028167,0.684802032488544,-0.6082709931662,-3.1018054269847,-0.256626296706868,0.697436121617315,0.487071349477073,-0.477116069339703,1.59049717680878,-1.33154226536986,0.578823120341276,1.08897303091348,0.102921576590348,-1.44711646960909,-0.989144889840714,1.86798027228688,6.76095123616902,0.223870240340078,0.578627889736789,0.525265285243611,0.366435995482839,1.7235999725868,0.70336306781299,9.08338894444467,0.346678860025854,0.988955634596699,1.73505966512754,4.50697065535656,0.284071823042283,0.422990997022419,0.21697927985044,4.76101464384366,1.18839219989184,5.85050433611933
"61",-1.09887519341904,0.0286152179856535,0.0169455876686856,0.143053053345214,1.39031687880343,-0.65808073176201,-0.135137061819908,0.638152283008654,0.560160507810048,0.553476949569951,1.08717616102486,-1.01037986030038,0.501310401435648,-1.60120924698462,1.21818940850334,-0.114453383054248,1.82223127514239,-1.11697143903764,0.315036721938382,1.99343574827441,1.24584698783096,1.98830216368394,0.434487278864619,2.16397417478053,0.799842459433508,3.09258983841438,3.16779987676248,1.91071369718803,0.392875964511518,3.47006671800898,0.720057885831553,1.25754282618685,0.327468812116359,9.18684274389836,0.588711667132241,0.765893711362331,6.11047286568994
"62",1.01057215773304,-1.7361193980181,-0.159697122677576,-1.26414396523841,0.961414222932123,1.54086298664471,2.66070777089485,0.699943711811056,-0.345789072635707,-2.69094309367158,0.589837515860622,-0.87900576862441,-0.462256891601375,-0.881220982785833,-1.2852140790693,1.18330377374574,-0.0822883524997316,1.18510002643524,0.14795048540728,4.88732535882949,0.995932701180663,2.48144349595782,1.01765903183707,1.85581839574694,1.05550778689342,1.68081868826584,1.00113593353362,2.51736036264635,0.609345749540189,1.62727996693104,0.400470192676522,0.686434691751412,0.951953446624123,0.625958822150929,0.753697233445362,2.09809845299317,7.72181734550442
"63",0.621321180369542,1.30282144544168,-1.08101945793082,1.69759704211446,0.183995457368012,0.120232586527492,-0.60193949828053,1.03577546554512,0.201148843275845,0.917403936459612,-1.84842720353205,-0.929846671526552,-0.527078962617115,-0.713545457606848,0.992335429868077,-1.24654888277129,0.714843136769228,-0.254771337998348,1.86586151819203,0.241630684246439,0.634727125797525,1.23427729846072,3.49140159089895,0.756051977103642,0.770032637226205,0.985428613127828,2.16942144251529,2.28491309775072,0.488680711772366,0.660973189924699,0.194415277136342,4.02837099350533,2.12755635033739,1.50324284788753,4.14536347898608,0.207039488713368,6.10018991856493
"64",0.110688853052113,0.17607577976082,0.225306361032188,-0.573224300364303,0.527206933006756,0.221441326169821,-0.576615040079833,-0.0961250342380327,0.195618908208108,0.404398300255944,0.287225894116611,1.40990153928896,0.00988217015314631,0.302549012964915,-0.126924694266518,-0.884397388548744,0.0861987401617436,0.353100428788584,2.58116457869569,0.438910717092819,0.956827831141883,0.61140724971254,1.11542692553793,0.871861324298879,0.597472196055978,2.60921136183711,0.455792076136071,0.251370370672284,2.57884204046541,1.34712642919104,2.55204520783916,0.503975174599491,0.702304567741695,0.27026993057632,0.269392443369462,2.45147113780726,5.99466503579178
"65",0.0229299626873384,-1.68823513762584,1.44422168849979,-0.0945041519353546,-0.267202698535216,1.71412375239461,0.458223070219745,-1.48683849871523,-0.826008568920345,0.00170204150155896,0.150417316460017,0.304834881178486,-0.172412765267186,0.414203450719091,0.00114086003130517,2.10621778271207,-1.63414672680144,0.679828353989336,1.74803944058283,2.1275112192931,2.92500241253636,0.268012533048583,0.77955066129502,5.57285548041587,4.29254866267019,2.73045153787562,3.4706862070518,1.4519047426407,0.51721433233677,1.67028485953262,0.686004329706019,2.70976731531326,1.57471429061432,0.842925600972337,1.68511437997917,6.73027520259625,6.86911688000651
"66",-1.14382397874256,0.332196589686204,-1.22874134194683,0.111616094276876,0.816330572592007,0.585634095935026,0.629023042169649,1.23966443227336,0.499110876783702,-2.10450676536443,0.186003540388619,1.06235197183196,0.00762902197703105,0.950645789870406,2.6108572709949,-1.4608338068429,-1.87128646849357,1.24935241204406,0.761523901533396,0.261670597045005,0.858619845610567,1.27249760221181,0.0917114152418851,0.621937154983747,1.69643913826725,0.338693308010419,2.5044494560724,0.452139184124368,0.586926932400624,0.552784393193186,2.53319826291296,0.53502081278802,3.08052324097915,1.68442138554549,6.2093395330799,3.72360816562523,5.62678767038807
"67",0.264046831917681,1.42656363140604,-0.265643698937747,0.471628998722133,0.806812249756143,0.27704685305995,1.14542335084451,0.245426433018668,-1.25365602989922,0.110490830126872,-0.213777615973558,1.30503288286772,-1.07694939780334,0.987131762154509,-0.258351379030502,-1.31729304825614,-0.00569345128362275,-0.0449455316782874,0.545593883986177,1.7284777346344,1.11597938268215,1.24286242494622,0.866500486751983,0.227142083681444,2.44835849921503,4.02292689941805,6.38072234260948,0.78227028776643,0.85172721404687,0.639564438583342,4.93959458662602,0.148993876358159,2.53390404360373,2.19903990281961,0.765281619424401,1.03317258382424,5.98725389165507
"68",-0.189357433257021,-0.074739406757039,-0.56347876098333,-0.209766162257992,-0.297781178490903,-0.682315429101976,-0.374522924096329,-0.113667771764398,0.872618072078852,-1.37898394580482,-0.901209466707284,-1.70134541097316,-1.18002043260305,-0.226914728582743,-0.20962936583586,0.880547692316642,0.623311706280633,1.87792846272364,3.07885795880529,0.127164799595406,0.0426751822997135,0.418383580080159,0.177953050155236,3.68234763015253,0.934743473053575,1.49739757543862,0.260618168651595,0.997298828470927,1.39130991623188,2.34821068577723,1.27261512638724,0.12578567595826,1.55860911814579,0.284060648220525,0.93363182347439,0.361887939733286,5.96990574511164
"69",0.318411832085845,0.143370420191411,-0.767785777535813,2.62261104542648,1.47741439220798,-1.19152680750381,-0.620529657542985,-0.471032477985969,0.648973154070033,-0.126168876506413,0.311869258032282,-1.13312743669941,0.835552643799,-0.234518256859318,0.415176186747818,0.112663520848362,-0.941553276693362,-0.672174864094681,1.72646402318109,5.62051200049939,0.79955382768864,0.534033240285296,2.80852610364055,2.16959921493378,0.261237945405961,4.92798356567352,0.484129822269626,3.9291443845744,0.488008913070428,0.577281822767725,0.904098835237293,0.249005768350658,1.40223009401999,1.59722207629872,0.985509948583474,0.510281419879772,6.51897751833031
"70",-0.974959237413004,-0.528699758194114,0.636099162834134,0.854201352791245,1.23487625284228,-0.2999344590066,0.153412966474484,-0.342518711121688,0.337922514142634,0.860859048518387,0.371337047022772,0.661409423791447,0.654757859698373,-0.594682702499407,0.274975721050567,-0.104280348771725,0.277142778671636,-0.667547244585855,0.645781084992543,0.849452421822817,2.96665988685636,2.26536524996592,0.76217357165521,0.989877471145611,1.11480869047394,0.62982072616144,0.769281459154083,2.36094133659863,2.55792201034434,0.479881689970104,0.595425133188923,0.123504821332664,0.647981946284855,1.00725158797963,0.0838470756802999,0.52343404582145,5.41874425984803
"71",-1.13033485877538,0.317461514886808,1.00099497418182,1.51317294971296,0.729200725748714,0.720175841984903,2.35055348637289,0.182949268705702,-0.25100902561861,-2.09869069586966,0.261693994348281,-0.405906398380088,0.614340823419879,-1.13211657719662,-0.343536445696414,-1.32832662699195,0.80051991607895,-0.81502315868061,1.35288397948849,8.88298412320693,0.860989408386697,0.156698561443556,3.48928069838391,0.520932989517319,0.860172512887077,0.707233931483945,0.690238177992423,3.79404964745925,0.192613975622999,0.259038723365692,3.67564327421895,0.301477998907076,0.705616574418087,2.23314542967003,0.45014591878453,1.18099289474653,6.1826687299829
"72",-2.39047884216109,-1.19474480615286,-1.22747153844675,-1.53212018028872,0.580348671503443,0.726126209968945,0.407449829733571,1.00392076563227,-2.09259935100326,-0.480327113997629,0.239816501286752,3.2984254752411,1.39402177189112,1.0173580898396,0.295768920479386,-0.223052441386494,0.0693852279875363,-0.757491137440252,1.84329438268407,1.57461197567231,1.13287659635065,0.809608504045449,1.1392743123705,0.81068690509768,1.37477549977539,0.506288577925365,0.552646335934875,7.28759403362871,1.48853678035949,2.60199683222343,4.32921058939679,1.37913466772716,4.04071470958935,3.76740620991038,0.561528992588392,2.89149815374448,4.66800534956389
"73",-0.856186285759395,0.691074980097204,-1.72370972984281,-0.965357265827522,-0.262010056436719,-0.29208351493553,-0.307694330867529,-1.47364437957258,1.12506291156472,-0.189365913196704,-0.927072494496717,1.41382654472247,1.76030727760594,-1.07553679542006,-0.283071379000795,0.264371470127808,-1.42411753857691,1.62711880012374,1.23010137357103,3.35713687893412,1.72691685490104,0.254981382992321,0.730400175916776,0.162980125340446,4.1017251925843,7.09358065662238,0.874964660039544,0.703246439722564,0.837209043324864,0.362597507054928,4.92169088652068,1.84329710951913,0.732706811219314,0.459480679263389,0.507634122110579,0.778876439317829,6.91584305016135
"74",-0.569417157275079,0.918297978932052,-0.0507649674460768,2.89833305590781,1.13124776818419,0.979858579547458,-0.707569048529767,-1.2730769450744,-0.355705672448062,0.947403698141859,-0.848518234142062,0.54783199722809,1.8550068932888,-0.222030484992596,0.178022940877211,1.42536089615842,-0.719275219653369,0.898202101600854,6.0019657201153,2.83743203289427,0.510700600658308,0.510111171508471,0.69724871496094,0.242218391397348,7.56544234501537,1.83767479667234,4.65330396371798,1.37376177213062,1.19813506113525,2.6012610377172,2.26521077314186,3.46547193433205,0.349224495282454,1.02448126217121,1.51390160879011,0.416644251702376,7.3807670152535
"75",-0.322758472421509,-2.06374728755515,-0.863742599910666,1.10054331427275,0.0605489164257776,-0.418962139322287,-0.0384532260588929,1.59320784006242,0.331892292760346,1.328584088255,1.05650499530182,0.577587965295608,-0.151142219130534,-1.19205252249683,0.904222737359277,-1.31438862106121,-1.04018907821581,-0.126378793023548,0.360900752481024,0.471413351149293,1.92967673118927,1.58520578705065,3.38448070062691,0.394582115189096,0.513947536194851,1.64551846496583,6.81286935636314,1.35779193156417,0.502223783474181,1.09366658178578,0.108894463125496,1.1830629185811,0.262047985058545,6.27226810311749,2.36259773195407,0.293629588474425,5.78895455885921
"76",-1.24792771906617,0.999740832362471,1.85858786708052,0.494535109527374,-0.11624713163148,-0.364829975227594,0.852546625130005,0.0350110122711489,1.43990089225289,2.53058935417162,-0.642927788550103,-0.8590495832716,-1.79107779268182,0.898374791217084,1.0870932211267,-1.34909105424191,-0.588446997284664,-0.457700037752246,0.485862537226336,0.49181776431979,3.60993321931753,1.63970147141103,4.93591314003505,0.0716196385988131,0.579962928035872,4.71940841174843,0.776164856500553,1.28055743102339,2.97106669574219,0.236608342450859,3.35038777074697,0.302095134627807,0.251513009279479,2.38187764791518,1.12026449563912,1.10095562264957,6.74784641736665
"77",0.873001095315862,-0.894009887753503,-1.7701499050142,-0.178933999363637,-2.59182345116952,-0.111055755485486,2.24833666326182,0.500024760054402,-2.11175859541057,0.840995281021272,1.44982035786257,0.0296725510725762,0.937381476874393,-0.367747434855012,-1.16088972245695,-0.07224504775432,-0.730582117121514,0.657585675636983,0.661133470503173,0.694834102789902,1.12326579810565,1.89646613338696,0.900116408819764,0.34307917584466,1.11282942220461,0.553828398037242,0.239819392288298,0.342482869268591,0.539605957364805,1.7055491230487,0.425798200099973,0.244036891728858,2.7145395722309,1.39149472692728,0.670585856739765,1.87155628678861,5.91373041511749
"78",0.599643333759649,-1.36441499544255,-0.641060821173109,0.980638708794628,1.80233187373533,1.10468100582734,-0.750934245232317,0.733848081317239,-0.492654690150794,-0.290022086565064,0.392515506102005,-0.036695872692999,1.70130720854487,-1.2736662338255,-1.85672163292859,-0.717611880705837,1.01989821929889,0.998237745713151,0.714530134172572,0.45264566419944,13.5617039847459,0.739722490659971,0.420837245237279,2.27504657471606,3.32846965408165,0.224187247822145,0.64452270893688,6.13298805473691,0.860621958578096,0.207313461768942,2.02851779811626,1.25292245870404,0.648846006494176,0.346270060347051,1.55868051840413,2.14536440676921,6.51862829737784
"79",-0.267876561363078,0.231309007748068,-1.36689506664933,-0.127899240021343,-0.720149163561895,1.55437754183048,-0.462601272211451,-0.178052046429011,1.07230064210201,0.00285123062946232,-1.13440276049704,1.44002356985219,0.513836801977339,-0.78374100828484,-0.698285374685771,-1.91937981603379,-0.122265878818302,1.15070807755401,0.238777715368385,0.355204025142217,0.57492260348389,0.466803727694578,0.430484779207171,0.468531194889081,3.94524418132218,1.03501335107061,3.41397017136632,0.847879515029403,3.04900265860126,2.52002569642123,1.17655786935741,0.0914913293326525,0.988115864802936,0.596364100111865,3.85253662586799,0.952426675149517,5.54037853601784
"80",-0.159391965064138,-0.535950956759023,1.49180535668072,-2.07315904281793,-0.683233980124239,-1.36872503920422,-1.04548751343932,1.81569846713223,0.981982237259071,0.0156232277032042,-0.5413720662118,-0.433764622707931,2.2026978784267,0.246975367397677,0.814299021782296,0.487850543733991,0.837021503556276,0.369721442684712,0.0663955100326102,0.415106597122101,0.826015155756016,0.286635018096531,1.82274043963718,1.78201513684462,0.413273436731186,1.28672535312201,1.10687411892973,0.0805044109438346,0.622177558818166,1.42528049485696,2.02485695976319,1.83690220601549,1.71124507434959,3.93598604218322,1.14278608982427,9.24699180013311,5.53481761317939
"81",0.24976337229144,-1.7529855176545,1.21748079358195,0.0481060989516069,0.318641067442089,0.29756339441211,1.99649683016442,-1.38388047226949,0.293816258029573,0.381496696133228,1.22158559182456,-2.07860499464578,-0.712183828998051,-0.530170909938933,0.653696018016101,1.27368318135893,1.16415722512902,0.739066762173064,1.70765999085852,0.66173019744583,0.713677985151296,1.14857489820012,0.883000473818055,0.757413742936939,0.677073578386705,0.346796032413477,1.49178156335794,6.80020842508943,0.098346227929978,1.16971150697453,1.46384077062209,0.869497750155161,0.254772469063274,1.31919575318206,0.26124234637951,0.441442466445256,5.91592899885643
"82",-0.759558962768673,-0.268284034490291,-0.0600709701519217,-0.655893915632341,0.204239641904008,-0.24900313940492,1.03576409024641,-0.297747161540852,0.361649080624037,2.17278845239528,1.97576560149457,1.7334656806715,-1.33826242990071,-0.761242078105006,-0.827763098457861,0.485709019108365,1.23037262756583,0.601845124307233,1.23822455841561,7.5729461784397,0.0849627549645126,0.450039566808575,1.25475746678558,1.45501004751594,0.446160652287676,0.368366430037595,3.89184251207846,0.189424494099793,1.31208582772887,1.32081558438173,0.388486306272035,0.921468651428248,0.167579034809959,3.7455972440075,0.413767707733414,0.548979333761325,5.19296344830009
"83",-0.828869229966365,0.708454598137581,-1.18628016975616,0.285822149197239,0.993854620520017,-0.122099621167946,-0.102732949752057,2.06957283651436,-0.217172120454334,0.2405683724324,-0.484344967639663,0.826018148506056,-0.27004751460852,-0.510612236372077,-1.09422497315061,-0.68582916249748,0.0410492252896261,1.22245595078927,1.66917684433661,1.7011940234641,0.312536264776002,2.14488418175078,1.53868293649354,4.26497891832864,3.60307309939154,2.60185010088872,2.11666061976759,7.69425362775055,0.140630967373879,1.02929666926169,1.38775523322527,6.69200743939752,0.386359900815392,0.840729774894069,2.15536604511831,0.409287782618667,6.50219207550263
"84",-0.776408104795214,-1.27075155651952,0.215694530993989,1.78617543658363,0.0187919644876657,0.227129324702492,0.138884090844839,-1.75737249274558,1.42609198600413,-0.418876084624781,-0.00110827295182966,0.0527042082586274,-1.50392798332097,0.461638712890496,-1.34929989478579,0.599232144083253,-1.27172566380317,0.685211272681969,0.290925059551731,1.05586367003396,0.511908670443155,1.16357389358428,0.551901135078056,0.190448564495425,0.162234551225178,3.56174148604248,0.187023116556159,1.5979031087655,11.3523719423942,0.298719673151012,1.21509023579577,4.7710002758194,2.81360863772624,1.63995835234051,3.74143835951065,1.25701957568665,5.23240463830465
"85",-1.73323990411428,-0.598872267654517,-2.19193374967213,0.805234188608438,0.268823665770789,-1.28657108144726,1.07928928050957,-0.0726713273027884,-0.428833999956948,-1.0775364112291,0.169999500941349,-0.36268743164603,-0.674405766212309,-1.26187079199098,-0.616212365968625,-0.330930770965469,1.60253071523124,1.63569501337056,9.83062050469467,0.559430287311433,1.57650523528969,0.608379348932074,0.498553438450758,1.25940988595022,1.3867670620469,4.78576690229239,6.01480230643572,0.959874455383439,2.34729056111251,2.78537061657954,0.925551143106808,0.278510527957684,1.37628549524617,0.211882602025719,2.46995783569444,0.238194863081733,6.39828416598351
"86",-0.147280436377506,-0.813497965175962,1.24114177426584,-1.09820671104967,0.21293002582954,0.501171210643518,-0.710198096060104,-0.449895399674398,-0.943232630227187,-1.00698679533305,-0.311876450056936,-0.389030743161605,0.686503688541785,0.836437029015423,1.08367634029443,0.797343537579819,-0.933087975866953,-0.0641465090871051,1.59340982899432,1.34097402886171,5.04921016995144,0.117326935740942,0.38015595353968,2.63483065552341,1.81283539067635,1.24346146927982,0.704801024461629,0.356443066144443,1.31437015051973,2.9062829817226,0.185616162954571,2.80841851621427,0.337543095786478,0.227684980915075,0.276751600667692,0.200087410193757,5.49216740548163
"87",1.71722410319665,0.915091563456932,2.68674855878716,0.431879065519741,-0.73485318762484,-2.70518318747711,1.93280648980814,-1.61411299535489,0.582931884715825,-0.507753765757374,-0.0134181710689172,0.694857671925858,0.801096097068135,1.34562983125909,-1.72608697161568,-1.90696871855907,-1.37504786632958,0.768256892563834,2.69765452607196,0.134460723334626,0.184035260777078,1.55768665457407,10.7356631236803,2.0142234693744,0.900822697676454,1.06318268173059,4.2168167675007,1.08367537551488,0.444418129010942,1.26901537484716,1.28042109204305,2.05239147049877,1.82757951221986,0.545311076582264,0.264218725791454,1.09924518717999,8.22782755543906
"88",-2.31969679129237,-0.850470343737585,-1.05653784058816,1.00249303503538,-0.0329924978338263,0.632577048205364,0.782120879525637,1.28957661532498,-0.353766492349417,-0.649926881614851,0.415900422129253,-1.86489440917236,1.34706104279467,0.319684047043557,0.281481287719179,-0.525633757667334,-1.33156907577863,0.113837446577493,0.702968147530071,0.314885365215645,1.49170838877909,2.94551245210998,1.49093905210705,0.622085967705145,0.481677599697876,0.617270173905319,0.643358616849009,0.275562147509788,2.12133278135204,1.06628664795815,4.614089258784,1.28104636389163,0.306708634114788,0.25853219222061,0.498262620544845,0.10718478132736,5.30970827705768
"89",0.174637345105904,-0.053454963061321,-0.689557321873296,-0.650558682853642,1.38965758983567,0.216085469956866,-0.108618082255033,0.973696093417915,2.12934142389797,-1.45810745234875,-0.381474711807397,0.513379579922687,-2.16030663013773,0.792004882544992,0.639990161008478,0.066776429614593,1.09295349658287,1.05953534691876,0.254163527897525,0.139709932359266,0.838105939658923,1.47171840618199,0.982209348880759,1.22799250296975,2.09114219952332,0.15051191990044,0.825936959326229,1.06399752378477,0.961901438894473,0.871880779557755,2.71879741315189,2.69161003584068,1.38731048665226,5.84273544051245,0.352292514832319,0.408823337177546,5.19394401153102
"90",0.57037866148521,1.2393602827784,-0.732792937996406,-0.68679396746415,0.729592737714735,-0.687327745425733,-1.34046690646752,0.186590918661017,0.244554356348607,-0.13563290662642,-0.632531983653736,2.24617920125256,-0.314726369489668,0.350624740832764,0.748539334600444,0.856418127180633,-1.11417984614095,-0.578582915827396,0.260471305178111,5.95776534454776,8.74476903539019,0.138792760669358,0.59250174806425,0.688847305923848,0.177327715990431,1.91024325248839,1.28068184484642,2.77911344325891,0.46620200682881,0.446719084113278,1.06813681908107,0.906687082495521,13.4560436161044,0.631669470624406,3.18227928552665,0.293482046089279,5.66292209498575
"91",-2.49550178516616,-2.09092185730211,-0.937173968998261,-0.267446286249351,-0.530124914784909,0.601565424143832,1.15472883298376,1.00967634939183,-0.762418516368169,-0.766564142002353,-0.736866356663677,-0.404058549544151,-1.92019308043379,0.623021493059122,1.2095319182703,0.066466439036138,0.0543316797948906,-0.441239304333819,0.198926111240963,1.23900401608321,3.13537627299617,4.9971732313136,1.27601537973723,0.964983460815273,0.277549084215365,6.61187508061929,5.09664258670509,22.6432487133561,1.32866482346532,0.0633054112433014,0.468864860645814,2.06536295074215,0.47327261505342,0.532340374533305,0.70952576627242,2.10890143286696,6.45894309708111
"92",0.407555906997435,0.0582107174565972,0.134292925227521,0.693895178445747,-1.15704333611131,-0.44246005416615,-1.39675081772543,-0.664636427719605,1.65108095932478,1.08981375794174,1.15348707238328,-0.967528930539755,-0.830893161019384,0.184726784411729,-0.13460667906866,-0.126025115518949,-1.04147864385542,1.96584289396284,1.62589079771005,0.265438627784218,0.338785049172429,1.06612716838962,5.48485599060656,1.9646688434075,0.394914209498716,0.464714881094374,0.439551044496149,5.65989277885113,0.343724178534343,2.38200277234012,3.74376566970061,0.537740382025687,0.852987327160809,0.538407155755641,1.45607231057954,1.59445071625812,6.75756984758164
"93",-0.758668015804788,0.848292286789501,1.13405248387914,-0.302497308590334,-0.761509025297321,-0.460553400349945,0.489059628548239,2.31966096800666,-0.71522516813848,-0.634800527534739,2.2421932333989,-1.70575656687249,-0.179796033575869,0.243581331577684,0.40293045492449,-0.690379956693975,0.0122558035180464,-1.09020197018144,0.5454827345323,1.09453164627094,0.647151263413493,2.33024591089029,0.23453380331612,2.06641808536061,0.917107611417302,0.25759065724511,0.42744754625822,2.42688906413002,0.186621207912582,0.865250736088108,2.22364399131524,1.22335859149783,0.162270317361282,2.18873280335321,5.42062573653183,1.33688690246737,5.14006413440238
"94",-1.87655428955009,-0.368135444129297,-0.211887681136522,0.253726394940588,0.702780976262506,0.690718733653779,-0.120454160141327,-0.897354627271855,-0.256739088587579,0.00766455797251245,0.724576139768935,-0.491951338172899,0.362744713030045,0.0731519757337804,1.17761648227616,-0.921130910774369,-1.6195306303337,-2.78782810606373,0.298164393463125,0.802799014384631,0.554772527231604,3.75063410415983,4.60381852299775,0.375552524485316,0.700122862559523,3.67924806026483,1.03969188281693,2.30435503318409,0.0579797675324831,0.112698136481971,1.19136292156326,0.430232061170039,5.7965971130831,0.68330306201935,0.708495555456021,0.24633045970945,6.28801324407209
"95",-0.0634696499136074,-0.455791369460702,0.127296476139482,0.0641387793383509,0.363818871178767,-1.28693459784721,0.617056951054273,0.667171900712165,-0.400794269168333,-1.22074495945553,0.632129781110074,-0.0588440422264752,1.1083062698528,0.715768075408974,0.228831411746664,-0.818246254901481,-0.165367487478531,-0.546591176611449,0.62506237902326,5.03672442924466,0.653620814873105,1.07979393743159,0.483861528774389,0.665307464531829,0.597286181115707,1.82816864880061,0.74143905218914,0.305067531081704,0.858942256849942,0.42241845326932,1.42912556859375,1.05109669134823,1.01047198420782,1.06295206257357,0.855369876382557,1.72161521474752,5.06175426673395
"96",0.624599292831039,0.584332000141935,-1.04573256961549,1.15633741715964,0.248162613867698,0.613636224161414,-0.166812159485143,-1.00055595318141,1.20060126128454,1.77378383584069,-1.80811807011461,1.78855533217925,-0.841938433151038,-1.04545285534971,1.83034648054971,-0.580073577004569,0.0310383839172542,-0.530705010679246,0.522036689773538,0.502183587846969,1.52953098897371,1.45881875197806,0.725725272213002,0.239561183362186,8.71531370239332,2.80991185895527,2.81266517135361,4.04311524184327,1.0292163263419,0.800081119137406,0.676074428939356,1.60627975414273,0.633375742194861,2.00510618613218,0.875193035239879,0.259122922876411,7.55832174159933
"97",0.813529861936948,-1.3045520127933,-1.40103333008966,-0.196397880705778,1.11566968336927,0.520604687769821,1.39996058495286,-0.144632622269097,0.832381027807499,2.28659494342604,-0.351337037025375,-1.38484819766935,0.905278700847198,-1.03134850063739,-1.83031274187967,0.329768416337768,0.732266913522863,0.924591510948239,0.209716831443224,1.0434793855088,0.701607098531888,0.19785950997776,3.18883831420771,0.247051864708539,2.55059338669874,1.00072060606765,0.731865914009542,1.0229988230369,0.202557917812464,0.510764965124387,0.224212692400916,0.131430820240728,0.98180640222122,0.406715267721875,1.15669019393783,6.60898724564067,5.99625380795736
"98",0.563868062142078,1.27420522637002,-0.0846544894914078,0.346432112810459,-0.342301092991819,-1.70380663510696,0.020994813537185,-0.843204569777825,0.980661218459522,0.054147484405928,-2.19193724504047,-2.60240524076143,-0.871020983351176,0.486991340915653,-2.53198675380785,-0.15425057105419,2.5285752653821,-1.06854107991431,2.27413082510245,1.60633462734803,0.850553371200424,3.27039674925323,0.206313689841132,1.66723104553538,0.980848772484128,1.59455698283872,1.26378902730925,1.54257130088882,2.84149534222601,0.692166673934824,1.10781442621285,1.67027797462257,0.713011902577151,0.603402313257563,4.52734952723997,1.48344612892105,6.88543953989093
"99",0.295661578070929,0.395943255989375,-1.15769815760335,1.86639259671439,-0.588210367399599,-0.281398699154308,0.319570624719598,1.2843119052481,1.44053424921919,0.310414445442969,0.272594219435579,0.535743376637735,-0.531014717041681,-0.185422326835322,-0.535800830546172,2.27820567880737,0.153950100854192,0.232120585145143,1.37814573689229,1.32477159761622,2.22832582508209,0.195573726831617,0.298899834000544,0.77078693237309,1.01223765582517,1.0477627371025,1.02738554282793,1.30358799184405,1.43190852541854,0.246879695887054,0.845839401713571,1.54988751746955,1.19243632687757,1.92969968480583,0.670575532041936,1.02978979227281,6.27601344786229
"100",0.945987771600807,0.63631067484508,0.512415197157967,1.07078230237393,-0.779775105418633,1.7585055360501,1.75430202161825,0.503788799017689,0.190864183619857,-0.105371410676395,-1.09386772541798,-0.792463149922088,-0.0517492468711442,-1.22285069102101,-0.646811532064243,-0.654804248016744,2.01951361311136,-0.477813364984981,1.94587732522337,0.391630014981796,2.03414998720404,1.1460404769464,10.8736727694485,9.19222812897859,14.3264542109013,0.408001972725337,1.57427141340743,0.458768496261435,0.339333244235843,1.69538963880194,2.41574205854422,13.5326599445553,3.99913911954253,0.941342106304723,0.123797788735314,0.555368449431883,9.60274003981579
"101",-1.61789268327558,-2.02221838818292,0.199876214694174,0.347558127002645,1.44277667756443,-0.270287052505127,-0.885960734989234,-0.230422204711649,-1.68381601401986,0.349261536284817,0.889121434067724,0.650194358617872,-1.33159947935835,-0.303476055965665,2.10022129288692,-1.07797971146144,-0.480857184485078,0.274949327860513,5.76828797308394,0.908383818966199,1.08565015923501,0.312751567951808,0.542124746297299,0.441094078779994,0.846913132465477,0.44711877355836,4.74902989255192,0.698859023029272,0.989347471507479,0.15668015561952,1.58094833092082,0.534739196977423,3.98437255112214,2.57863510971267,0.226155330013081,1.76538418864376,7.8316033983018
"102",-0.983946577005228,1.20878925978368,-0.740823272844934,-1.86528381235769,-0.00887027757413024,-0.754245535692381,-0.97001792867747,0.0938501204501805,-0.618233440262356,-1.00160174861408,-0.667078244283981,-1.20167947014401,0.94826180499515,0.76115650830914,-0.867333869207036,-0.915759113006369,0.446857919320541,-0.221568555055984,5.87615581270286,0.609887235006562,0.185858739783854,2.08747749575843,2.84060808345452,3.28481884477962,0.870601425687491,4.28483799083796,4.03945546020437,0.783838369897479,2.08102743151328,3.68671749123198,0.461209860625732,0.673972836107635,3.03597984757892,0.845690760699927,2.40195857610905,1.4475597380714,6.40648436772541
"103",-1.80852920177658,0.261208355605431,-0.584095495957353,2.07111262742246,0.0605120534522096,0.750964889093652,-1.0076272026859,-0.983869334863913,1.49586374577538,-0.362032495264791,-1.80276421406876,-0.371463969933694,-0.017060733053952,1.0385984737636,0.365300117795776,0.128228856169667,-0.973009204165589,-1.90499499562692,2.24833171077626,0.79678960280973,8.09939259316348,1.09728368191828,1.22460232632057,0.370642816230911,0.84851010284034,2.34082808713429,0.219564628308555,0.567223516299211,0.69747739381979,0.158605016122298,0.375600218646113,6.11775142168857,3.23259202348745,0.54713075461555,0.248104576753082,1.11751742551483,5.73941380490929
"104",-0.299001103589554,1.18563556679631,0.801793821221629,1.54645036258605,-0.141310074293039,0.681293326102202,-0.0225142416098206,1.32623249359555,0.609044568397984,-0.157059667565532,0.542758176378572,-0.262608576864373,0.124793725676127,0.968449954375232,0.942099577667925,-0.0416182670828171,0.797374615819918,-1.80653180867307,1.10907677756976,1.06231678793691,0.56204153753828,0.629522714631051,0.621817836945889,0.591285590462644,1.09076960944473,1.19162775930118,1.03716118127464,0.271705260214355,0.740621840223612,0.514306336270809,2.28762439985976,0.455163601862857,0.349141897508598,0.538549635831785,1.95000312832707,1.57082187990604,5.52986696454603
"105",-1.15978231247922,2.09358654833646,-0.606224756315831,0.590612149444468,0.500053629219408,1.50409692042168,1.06447608499294,-0.968089555900125,-0.291643429701362,0.941885651249321,-0.855023211525913,-0.943015390656301,0.459424712008521,1.68789245959373,-1.17830912468951,-0.613249034593718,-0.700418011186418,-1.49626219073842,1.59134144419419,0.776146014313293,1.37963399279326,6.77724833097204,0.59103372120583,0.961383260643844,0.981824297091522,0.537827733442223,2.05797825257771,0.160496641183205,1.4979474111042,0.67059366468096,1.82673595158136,1.72527807964647,0.62648163299839,0.974968160957928,0.782318536886266,6.57274050608087,6.21269551859109
"106",-1.23357882125231,2.04197810633715,-0.97133420094289,1.37777317153321,0.379991401043724,0.77907609004273,-0.303545351743907,0.119766770825168,-0.370274310393738,-0.725686645926678,-0.682499149750123,0.419515582614638,0.751252671629653,1.61568193972538,-0.761963121058447,-1.34841737607467,0.850245439368209,-2.40764579796682,0.203754303032154,0.225148054236778,2.11551025707727,1.6373423720279,5.60393527621901,1.66779332528873,0.862933156367284,1.32167570144848,1.5740049640726,1.16380064094102,1.26395250039068,0.243849622465269,0.684049293936931,1.77134471139825,1.25519255032478,0.139894215393357,0.313679645367668,0.899647569566608,6.44459388272272
"107",0.844758335177893,0.674390580197268,-0.582652502229846,-0.78244777562626,1.75530051905664,-1.53416704114805,-0.497227001299448,0.711749279097246,0.377135297498909,-0.321964831320079,1.10012401466582,1.51951983137897,-0.483353247843878,-0.432129861353917,0.232695409071594,-0.846955149096652,-0.776583115985615,-0.564540331427083,0.351295862792849,0.737057052100386,0.603974992915994,1.5498692267101,1.23337722138386,10.2442580298141,1.36755278975453,1.00886832627491,0.972993121054408,0.369958612729019,0.560866200327357,0.395201567901706,0.565125712287305,1.05693196388348,3.40167465342928,0.29254548015404,4.57332229022418,3.38605938341437,7.33362193727417
"108",0.0730117046634897,-0.769070374992175,0.332321696190845,0.0324897262649906,-0.672778023097005,0.0852563506408787,0.778136312572256,-0.981869619319132,0.249325011874759,-0.149895840592338,-1.56483349551839,-0.0162530793907627,-0.254263715355047,0.320994673160636,1.11813752787701,0.430150146697303,-0.814990121119652,0.0493851454729201,0.982708902146235,0.137915487478581,0.553639534751575,0.408235485356549,0.142800220268245,0.468578049576691,3.07756811295884,0.280353743228487,0.19442694120086,1.6361670599436,4.87082087193904,0.489146272633235,9.34653627219326,0.590413708841039,0.16255118112691,4.44676291325098,1.18884810356578,0.709882592043954,5.56600191294239
"109",1.81610790372333,-0.522907677849599,-1.22756717635647,1.2156239381152,0.254603259251594,0.546009782565913,0.528594580915414,0.843814027210246,1.67038671692922,-0.641176466342039,0.643822337980738,0.999577780717443,-1.13605983960206,0.308943399281326,-1.11463829350147,1.45901813239137,0.893254070224194,0.319061325184395,0.134798618608983,0.813858486404281,1.52941739528518,0.923397379111986,0.83088404070505,0.492365304411483,1.60546302650294,2.07705323841255,0.700932133368918,0.943066671976482,2.89321494356524,1.6050054199106,0.658883290732524,0.679977298880314,0.684582965777926,0.614316118293839,0.890014630777014,0.719144948209866,5.17115035454149
"110",0.144208707962806,-0.736749474429298,0.570590447788649,-1.83532333389582,0.206171028078127,0.44991775212256,-0.950821988443704,-0.415491194274421,-0.24832259959017,-0.810421195981529,0.962795491518572,0.358810055255049,-0.699849420710474,-0.3222954969253,0.0955874899415761,0.632805262679386,0.50448177841775,0.384707371582757,0.657848485185836,1.02320765392007,9.00058018670721,0.623974170604732,0.891093615385709,0.324083907040607,0.490831760409581,2.25567780732782,0.161419292864326,0.509985298240283,0.454855973533867,0.514305966097073,0.168433496556615,12.0001642061858,1.83772333598998,0.224715200606465,7.06530123895843,2.67846120127575,5.89773924438041
"111",-1.0176810759626,-1.03940896521422,0.354379233157537,-0.495849855194547,-0.931939087883155,1.50770203264819,0.592209318211422,-0.87672188380337,-0.651466700029695,1.29008409039078,-0.369345676799433,-0.116666674512906,-0.0120866852086887,0.265433440976981,-0.538363256933769,-1.94757437592574,0.439702678154005,0.874680584778226,1.70710577967945,0.599320836895286,0.852599354118662,0.527366932614158,0.357922727148479,1.08358001013916,0.346235579773075,0.64260669421017,0.682456202780678,2.21124879141245,1.85040638556525,0.697565258781854,0.968917856144616,1.05423466430271,0.292367513834994,1.74229600730327,0.879098315581388,0.793399110067559,4.66895222989159
"112",1.07011772062616,-0.283781077665918,-0.327241010844874,-0.346383151162518,-1.61212617512586,0.299090238622844,-1.30970150550418,0.872275480803833,-0.39313045861765,0.781661087102137,1.82629111965638,-0.379533237186434,-2.28426470397439,-0.343551347363944,-0.301711946527219,-1.92673546226085,1.25504976715956,0.397097658269908,5.38276457074383,0.916494900827773,1.13607535537256,3.31259731000564,0.192836248387484,0.577160637745374,6.5326955414211,0.812846481395989,2.20046019301743,0.667766697920575,1.91560200411373,0.740333275873276,0.915762685240713,2.50691532348026,0.900099306360899,0.325407731570227,3.46187695457452,0.282478178280884,7.05283337643251
"113",0.206475641536998,2.48452270461559,1.16510246615067,0.743123529774576,-0.662332757141384,0.901335115302966,-0.482144855080787,-1.08204352446151,-0.390284169331097,1.71170989072159,-1.85372903619294,-0.195237634157931,-0.376033941626955,0.0654974859071895,-0.197974272806443,-0.177321931865897,0.145833459882896,-1.26615630054388,2.51060715552509,0.256407572419863,0.121104218819586,1.5622329090855,2.23475217575925,0.343216350264105,3.24199958544234,1.02290694152287,1.60935424526022,0.208415997143567,0.641058603637083,0.814511861177159,0.15249829733219,2.3620405014114,1.28118649143094,2.41331572366277,1.25510713762527,0.995866246315099,6.38248988370954
"114",-0.0608762955906918,-0.201161513674633,0.433759260124395,1.53934002290547,-1.58212079137798,1.57376555140534,1.18790644873065,1.22671995823478,0.158169357232387,2.25020320934904,-0.154693150052743,-1.58426673641341,0.753410985113597,1.08764819613043,1.21841798952437,-0.0313104576783233,1.31871158547242,-1.14406787823508,1.24340561954493,0.402984873651886,0.104318774185972,0.404380912401539,1.33926854103521,1.65403857371151,0.778529468445716,2.32178983478281,4.64925854218589,0.372864599384243,0.297266614465337,1.31252841921307,0.889713258194016,0.37286254260566,2.16660837185582,0.333170825401815,0.53686315568147,2.51542708416998,5.86996561325543
"115",0.252100298599409,-0.191984324329033,-0.142733824865821,-1.59055966327772,-0.434689444997843,0.220067870847063,0.481996246363785,-0.305971373510398,1.22523662480901,-0.357250328416936,-0.181792445913932,1.49798227497068,-1.95517593275111,-0.382813099471337,0.879793022624312,-0.149258367652198,2.49570317713197,-2.15207562267877,0.140166185830221,0.228676952935822,2.78820635186503,0.261525768827107,5.54337996481695,0.823957960576638,4.72090238794691,3.6998131970881,0.389299909932263,0.699228709652867,1.27390278194658,0.210456086943368,3.00054974996236,0.420330483404155,0.869523877480081,1.1167091060109,1.38440013440024,1.91301645215028,7.18945086298384
"116",-0.602207101525552,-0.38394103951273,-0.466236940897261,-0.225929020701435,0.0328655595704169,-0.9252300383661,-0.387809052180544,0.779134313320534,-1.19496766437256,-0.668247161095908,-1.70873254797287,-0.110542977951027,1.24729674495875,-1.27066048956422,-0.430892183527385,-0.957869725708301,-0.164795540344163,-0.26731689148943,0.731472100896826,4.74134963728577,1.54276389005559,0.173679711028458,0.521419538027569,1.11271516798407,0.943608383650586,2.35445688496767,0.321562873610422,0.644059435249847,0.658798748532988,0.318235154694877,1.249155593215,0.219258490317125,2.25314575771811,0.561908493547467,0.886288046674807,1.14433383548282,5.21963620293921
"117",-0.653569660336264,1.11592918044566,-1.31634783008983,-0.210643267640545,0.101004691552177,-0.53437485924331,0.461586331325363,-0.894626579069113,-0.0430394464157772,-0.439617164670702,0.481573852038896,-0.605961617302067,1.33687070797313,0.324915191951891,-0.0813295710284807,2.13814464592154,-1.3343874939768,-0.755834835728637,0.929998246220531,0.351703690511989,9.33113244240235,1.35674812191462,0.133185053880588,0.351207814747691,0.518301630022379,1.87644090855707,0.39549789502336,1.05876148688214,0.575090231030842,0.886032035167124,0.77208110241318,1.79869580843536,1.18818646368963,0.358859035416627,5.10055281054858,0.795075188173705,6.73989853065495
"118",0.0970526233543387,-1.65874060649243,0.570754226204808,-0.19123035229315,-0.168520942431849,-1.09336577784762,-0.642993651235188,-0.992916839885837,2.11606730734653,-0.744024865403199,1.62121567944254,2.36071920047926,-0.380390429381313,0.641274991646779,0.405613508452833,-1.1844573827309,-0.285746852172816,0.672839844873745,0.813575122216435,0.259255314806498,0.440636385426303,1.46723732945682,0.983623767081871,0.326243544517925,1.31780122223077,0.706112267892622,2.6064905952986,5.36784980401122,1.70504329307778,3.24421474889063,1.15057793642952,0.180683538605632,1.07763205461178,1.62208832710542,0.438491136616589,0.127452238195677,4.38343890443488
"119",-0.970308689239542,0.760293831683709,-0.499718026074746,2.2258895041511,-0.590838673903037,-0.115290661255971,-0.606435618917379,-0.0493000695701618,-1.16637270152793,0.024932366266163,-2.04478338150562,2.52402665747635,-0.268678026473429,0.814966302267442,1.77472192500348,0.370629782457268,0.172793126101983,-0.343495842864173,2.94229964075764,2.55149869386904,5.74813523628071,0.226272499378044,1.35688541987575,1.08335080151159,0.244888349475599,0.598300345118596,0.211849054771626,1.45295627057341,0.813302687941637,2.89304370846197,1.02002358849145,0.0658457615555755,0.673899905364963,0.76789927882174,4.17619772281031,1.69822487972434,5.2934293823237
"120",2.07165434409274,-0.682905693109624,0.709526023541888,-0.944855674355878,-0.00127938067417189,-2.5861091198,-0.318560104344311,-0.0878970534704981,-0.891441707294081,0.0448760103950386,0.664668633803668,0.484319377436356,0.122036523582854,1.51680426456114,1.00883799203109,0.62062389965547,-1.49925081238442,0.735360903030623,3.48515906092076,3.80713637469452,2.45033522885287,3.91493315803742,0.704390003428026,0.653558099300763,0.690053935230408,2.52047070815951,6.1474671388394,0.698587918662128,3.45097584316388,0.103291470442311,0.527409206784369,0.516833921237144,3.45052281615728,1.30368505909457,0.306760356734807,0.512274772212112,6.41201604017197
"121",-1.31570005843315,-0.0513110806017667,-0.372212094458341,0.657961695174434,2.17877371868702,0.356505860939477,0.636381456388878,0.0573829809120665,0.196747816670208,0.498864209546342,0.0748107759166344,-0.555283956082228,0.00442233445197113,-2.10745875930749,-1.38365625509305,-0.676920910518253,0.408499206564845,0.401437105148154,0.854563508091324,2.2409182431136,2.1280382263037,0.755827732316296,0.366194582880937,0.822092514214907,1.23685618485761,0.766489901661023,5.60335201165709,1.70734561073322,4.22799924554886,0.639009929758624,0.389313379307205,2.26118161153688,0.397224467938007,3.93748493937749,5.21010515108327,2.08761425314688,5.59384532661766
"122",-0.0678456301417118,-0.84458167002083,0.981624190212372,1.08051545163904,-0.533194327735815,-0.0345241626199536,-0.717319225992074,-1.1767267993727,0.821664298601926,-1.21208794443626,0.186285215598865,1.65759410872804,-0.304513292994391,0.900725530092838,-1.33293669382838,2.24997729077573,0.600028401221448,-1.43382146852298,2.17145908133571,0.360500979308529,0.693727536000195,1.06383971777777,0.423835542819414,2.26481636055954,0.672655028182669,0.393876726544037,0.144488932281338,0.196987739952145,1.16402086076864,0.373835139366345,0.708944111762301,0.252745549520243,1.22310402979622,0.175463519758817,1.49548524637076,0.61666245544025,5.82072121280298
"123",1.14593202581805,-0.628698153892081,-1.25741750482701,-0.670915062008432,-1.30730014311961,-1.37216099247415,0.58575062463223,0.694721453480377,-0.156775165754267,-1.90554350240843,-0.765800062483883,1.48967574133662,1.11321033620621,-1.57586843133068,-0.418630630141905,-0.129768641488428,0.175228267382729,1.35009262146897,0.0331173083579753,4.16831913750498,1.58263648685708,0.358673170949424,0.319951103545196,3.17565294765483,0.858427919246602,1.49054389093873,0.538660693408559,2.09901535305002,1.38472044931834,0.840440380897613,0.194971327028834,1.38558456602717,0.392416747083325,1.02059454737252,0.70968814837293,0.0761144275926906,5.24906876357331
"124",0.878870939995368,0.173604671266449,-0.601557710214578,0.551436835930411,-0.258352621419012,0.897198795121046,-0.588110001200368,-1.00188668253681,-1.50244135389412,-0.761984652650598,0.357721576510423,-1.97263659773679,-0.251707996653806,0.0426498081169687,-0.0582221942453537,-0.472082686508983,0.176419976544212,1.2556402935745,2.75221202536266,0.910103793092489,0.322875007190276,0.191556712901398,0.777066617092104,3.4906223434502,3.41233109024995,2.37380711019626,3.96056517324444,0.550948787276416,0.695222874024357,0.411649558693487,1.46077888691516,0.755614759126823,1.0178246381101,6.87422804460514,6.63530732455169,0.849247010617837,6.17204905033795
"125",1.48711111015722,-2.48498448678426,1.08828425220852,0.77127760613011,1.14854577472632,-1.02045146379524,0.22186818985302,0.225733145174731,1.25246695654061,-0.0107773016880786,-0.485354272385036,0.0359511800407099,0.447765906136317,-0.951282154567085,-0.679808933869243,0.756521365228222,0.813610332242805,0.182472881525618,3.32193858042297,1.75964024411145,2.30179832360434,1.31264898317141,0.441314143681384,3.33727805708083,0.530014564396701,0.489612935599975,0.265763427213022,3.46309239350006,1.60146653889701,1.29147722182608,0.408501006915864,0.686488668791304,0.65111526029855,0.162331690082316,0.142924278148017,0.510659932334984,5.73385360711734
"126",-1.99681015354777,0.229786611044901,-1.33339782856461,-0.440724445843868,0.742076923738715,-1.11319535033177,0.910482625220986,0.140033031227086,0.669124772920568,-0.571659511750934,0.898767852647384,-0.0811000407707951,1.49629279486651,-1.80926671157432,0.303714907732435,0.950633032115481,-1.68493323594879,-0.0259758441726824,4.69004687737427,0.530949393327537,1.08019472996337,0.939453646191653,0.635529124291791,1.32306732496893,0.46726015451265,0.308439644237978,0.711843272490583,1.36753591001537,0.21785889935088,0.441966364553768,3.28743991912861,1.31309705929956,4.00385905940959,2.74705106359707,2.68719296890089,4.0333308955457,5.09618721747099
"127",1.54874734976159,-0.988164096603361,-0.196744795269861,0.0049607745531722,-0.0975950212656506,0.927145097848891,2.23324683459087,-0.567847981135823,1.02641917482495,0.638410093942918,0.420424245751556,1.07329589068479,0.551328183705016,-0.665173850702603,0.694506926700711,-2.08076454950901,0.311910720038153,0.354300374012184,0.487297588244194,1.63561974178335,3.09974968736483,0.499081023494639,0.145423776522854,1.05367672454446,0.36309788866728,2.248808850975,2.88027072548784,1.11751966905191,0.584517019144455,0.241600565913685,0.62719720494994,3.34769505444315,1.0006821270043,0.585743001153765,1.69701131298838,1.54219564641289,5.39173430863894
"128",-0.890938090169669,1.89778051374853,-0.879064043738724,-0.909577175979419,-0.59837152396556,0.690920821870633,0.799204728980354,-0.652856203297462,1.91557107757537,-1.71146649704183,-0.0129011998403206,-0.961802798269108,1.54186311379227,0.501910155482135,1.46908490910118,-1.27048396124609,-0.862115592142974,1.46627932647822,1.54567615630555,0.41824371143075,0.975603982397206,0.271225724801362,1.56391762182706,0.397239098051064,0.749361878051274,0.583231988408675,0.618795778441714,3.81066881219389,0.85011504603955,1.56394789685082,0.386511476652981,0.977828540835868,0.362896871995082,2.8021507623546,3.18310418246452,1.17140708388513,4.43466234651872
"129",0.822080988008369,-1.11409285809422,0.157766275661798,-1.27536164805323,0.375101194549846,-0.0878050090440371,0.554117040425108,-1.95418250945557,-0.862739355376131,-0.309630129774038,-0.539234490999542,-0.340553284043531,0.489320266050591,-0.922859283956338,0.214065292287662,1.94002806325232,0.423070699095113,0.375479037474482,5.1500007983584,0.874531600768166,0.943657249126902,1.71229799647493,1.37878028691481,1.18013647118392,0.357484485724527,0.35464851447019,2.6718158253455,2.32535574612677,1.42207909354975,4.9366776477594,0.455176991029081,0.718577961928098,2.90435260801483,0.503538818132712,2.09277035669849,2.10753127834506,5.5342159561485
"130",0.821837004757776,-0.904605131492615,-0.0636932346626296,0.226124700943702,-0.514875992295015,-0.580075118497089,-1.94097963378076,0.818327567838963,0.466342244721205,2.01294606017199,0.202756817188029,-0.379961946639402,0.48866004493184,-1.15821373217478,2.70102932897064,0.29408349842241,1.22877289241927,-0.344727248148254,1.44213209801846,0.385885240750841,0.371778261852968,8.17339539904384,0.513322831641477,0.771395805343016,1.49257523663466,0.300003084911208,3.16918203331609,1.45001163622256,0.0566727587696518,0.860148922403607,0.750806228433867,1.6956803299545,1.46164719706596,2.10420791065192,2.23915239831246,0.407849177219294,6.16235282794405
"131",-0.69038856509578,0.735460202316455,-1.80489976022686,0.947669375081751,0.0549342676466592,-0.0141203016618406,-1.94082275146666,-0.782566479635102,1.7818888374906,-1.10747964772373,0.488971214539875,-1.30799801298062,0.479908747018981,0.0297229191097338,-1.58086784280099,-0.170625766174251,0.182884957378731,-0.882115492306612,3.51550127753001,0.879916556527917,0.764333706268798,0.470780207834554,0.403884148432862,1.55406702789185,1.40053891961235,0.28220330161706,1.08500026982282,2.3280589293456,0.577249296576997,1.0298141767806,0.570751054015087,7.51774464393077,3.91390327280179,1.22608928491943,3.91426040900529,7.5294978649492,5.73293299623891
"132",-0.342629036978084,-2.40962143520951,0.390545676084739,-0.364364619507602,0.841305320709871,-0.183058773936199,-0.279634172278998,-0.693078378726605,1.66938488253836,0.0565648575245223,-0.584903303053342,1.99256735822194,0.301637584897088,-1.11008570695517,1.64334177701029,0.278520715221989,0.827171516450789,-0.301799115946719,1.30162569779508,1.01254983192517,0.170330302948268,0.33337397220132,0.0844807737413709,0.676674419977958,0.941528192648299,2.40152777447094,2.09877342799609,0.854450820747186,0.477252657911381,0.799719798726732,0.580858809778861,3.33317690588897,0.745587769771682,5.25886956680679,1.20220367902407,0.628117284200724,5.30277777365781
"133",0.204777438527655,-1.84018315729293,-0.499957444945712,1.11896010219338,-2.2818622444793,-0.654214148215681,-0.31956838482852,-0.793702201877847,-0.39089439461618,-1.01007908012987,-0.359905225478181,-0.357375524744334,-0.730931212554233,0.0838145140624576,1.36449458610876,-0.0773708581315648,0.466996928797822,0.593883841769251,3.51785173715968,3.54274841308844,1.25001027044725,1.88989176143783,0.585972311158994,2.54071569432653,1.86538394375984,5.92985815320397,2.58361847511514,0.380172514745788,1.34113257530434,3.00823342729675,0.228489010087954,3.46766807334205,2.0295065069511,0.232899822308725,0.228030522846322,2.06780525778912,6.8139960953137
"134",0.300613730365682,-0.0568051623562405,-0.538697857973737,0.259687392658738,0.640023884535828,-0.152572228243386,-0.67859376976531,0.0926819356275231,0.253368066713739,0.612835609834493,1.7695732477978,0.855328069064471,1.5147343728899,-2.62418398604314,0.48243863966592,-0.142450089887362,1.02247600383809,0.142474387374243,0.783753164210365,1.70309266838383,1.04778728924316,1.59227591013266,1.75318663846034,1.43365404514444,0.428361471766255,1.38023745269484,0.369380854784517,0.679542189905779,0.7121433222926,0.143466934262661,4.70744558933623,0.240478474908312,2.31284048478474,0.049785911136873,2.72849649161789,9.79622154839855,5.12399780580606
"135",1.63528696151158,-0.958109956943639,-0.0713985655608344,0.896617341162249,-0.00763074400621666,0.0257171839198505,0.435436643386866,-0.255696540741165,-1.06116100570008,0.661998206272269,1.17014917048799,-0.0693877800603513,0.36638034829225,-0.702404304457079,0.932243637763035,-0.513867230883528,-0.235659493496681,-1.23648162468992,0.468068944065111,7.26180881791935,0.827166722805178,1.15820139423377,2.28809501174958,0.422138562796076,1.47140032303438,0.964632277806853,1.12595487277947,0.546476307521777,5.17360096487223,1.06696108639912,0.408984733266368,0.283810473246117,0.973050146343865,1.77823547040161,0.201845404977358,0.518270331874473,5.34601433919896
"136",0.52256164632721,-0.118345095102279,-1.54241778061547,0.667112017167657,0.747173766547458,1.62283162719031,1.65469246648761,2.06689076307955,-0.662483409392247,-0.433369507141328,-0.893037890958381,-0.291922102477944,-0.634059508402139,-0.0594526274023824,0.145159869647187,0.0740104135007648,1.4438893192377,-0.785174205864907,3.19357291802885,0.813046223904722,0.875810172676064,0.823081632546709,1.07892398754067,1.79555453405794,1.04800082339165,1.60937145809208,0.343308382677398,4.03474382997304,0.377040143154589,1.20885283809315,0.0796377300269077,1.09856792795423,0.796864156229827,3.36742504848514,0.310563563400483,1.63323567543863,6.27920758677074
"137",0.635882719567544,-0.196427782744195,-1.10346867211681,-0.563704895584227,-1.74871895871813,0.377819806039403,-0.938478373566669,0.92294868428362,-1.22912860454477,-1.14642598589878,2.09488924738949,-1.00754295840266,-0.453162415776761,1.62991385507302,0.271365400049559,3.31840927470552,-0.180548756003444,0.00130068793018052,2.4275413523847,1.15249166888498,0.41222250837935,1.43105258582505,0.623208561502066,0.790003017526239,2.00900434122717,0.64041417656922,0.901975480354109,0.425485261277252,5.02014588546553,0.80453585679998,0.836313064693644,0.698052505973332,1.2711988739112,0.512334704646923,7.34942561542014,0.663799150608812,5.26054689841209
"138",-0.219535178122222,-0.0220401875133338,-0.397989047133165,-1.53648415318607,0.233319750784114,-0.112831680129088,-0.12330836650328,-1.07755252364203,-1.67325596686058,0.867487802818044,1.63632244966758,-0.148693758830726,0.476385214840139,0.0258197751418579,1.49692905890445,1.59740512714196,1.28051727058683,-2.48584843141764,0.181087106779698,0.325495963343479,1.87888717189014,0.694379574654006,1.07022029306759,0.667546663647117,0.783594313217236,0.884021112405756,2.18623254765242,1.11667741334313,1.05834140909994,0.811193961403085,4.43171504612324,5.28190384130056,0.450924227248771,0.444402788812617,0.2431294484074,0.891189823876701,4.63338766049461
"139",-0.200351055047356,-0.97068823151886,0.551066410839381,-0.429937201196328,1.21163872857221,0.296723749663004,1.14173166488153,-1.40597032519162,-0.373080767755651,-0.0397824588357013,0.948361326625519,-1.3466735421395,1.26969403623189,-1.40325056313116,0.175995295568935,1.10869009852419,-0.256654485636179,-0.145015693373293,3.63300013546526,6.35955183868074,2.14148430697458,1.1996723198254,2.8344925081028,1.34278225171519,6.65541292047507,0.498811963743206,3.36466308207324,0.173119580701979,0.339138882225671,3.97545006403884,0.300741908540347,0.0723735726979253,2.71458481446891,0.461436994669566,0.8370366354488,8.04380720538929,7.29690775311119
"140",-0.359235541365568,0.437681552004287,0.195084000280936,1.29822994508127,1.44276821428511,-0.567630305290648,-0.460447899549164,-0.863222683714697,-0.886769280036541,-0.235507592897591,-0.00677593021036735,-1.61629583226317,-0.595590317180869,0.282590008924934,0.402139920909633,0.237227622047538,-0.432540979787993,-1.79000505914297,3.51160354856474,6.84674070376773,1.97659345727582,0.644120163152446,2.24233666417088,0.469857090038726,1.50670297124264,2.28782192643781,11.99235649267,0.714044885988637,0.486177275413703,4.46068703205633,2.18501280679062,0.151350087172143,1.49906901336761,1.63369778423751,2.1556941918337,3.58535343390969,6.63248831151291
"141",1.23944228801927,0.0525882454120986,0.177487904258196,1.05680103791077,-0.0531808714729406,-0.699892445732164,-0.260477388854027,0.841426032610816,-1.11258481333104,-0.353749341175718,0.994957306733731,1.93178078892796,0.894555160801848,-1.02340829485014,2.32666548688718,-0.994036785984175,-0.140431192612221,0.434873655051177,0.227511327238602,1.39885847875758,0.695651770057084,2.15874594713231,0.457291405754356,0.838088105564702,0.983497636814413,1.06156455546699,1.94940270477179,0.785421717401449,0.716594653930033,1.74821169460917,0.262868727891889,5.82223123387732,0.364298198135325,0.91551354099129,0.674939285754693,0.980913921563224,5.00355455751
"142",-0.844117840588102,-1.11028895796895,1.20951043874294,-0.552953981678216,0.462929382208262,0.443246472630211,0.434819169783262,1.05766651498829,-1.80282025555323,-0.46656935859987,-0.519282126300097,0.373996829788097,1.77169635235311,1.22094166573841,-0.994750156354709,-0.879653980793434,1.33199991800904,0.595882949027045,1.11201958830664,2.95681973841521,0.369706287993662,1.15569845349538,2.00043454158065,1.49707379188126,0.1964973899274,2.3585759899454,0.232341103367642,0.444661133924985,1.95734880223465,1.0876641809326,8.29510912350822,0.676607604126915,4.21600142784486,0.727956667222632,1.14925674182551,0.348154310909551,5.66957509919669
"143",-0.620253253707765,0.0231292904239518,0.642136983983282,0.117853290363399,-0.994802602421117,0.654357189807526,-1.28186051836094,1.13371953599526,2.1614038253212,2.23724455549103,-1.01569948767803,0.952313725366992,0.415309383132235,0.588134158636438,-0.918903897965378,-0.594617889305611,0.0811560522186397,-0.840546292284141,2.42991401129522,0.0998868834515433,0.817928274483707,0.334527309916436,0.913662302590612,1.15643728449497,0.882931266278948,2.00450980134163,0.23372576161993,0.413348279145266,1.45586557062364,1.60187016442492,0.184776993197267,1.51391723604158,0.288856254653882,1.39826418125789,4.84580898437224,4.93577374254217,5.38989210590273
"144",-2.53370024596857,0.723974807259835,-0.0296515273397611,-1.58702141180853,1.16886763498582,-2.11807900301527,1.60497749845916,-1.61550001262358,0.460095342664587,0.103536397195036,-1.57509838505562,0.371597341150406,0.975054356899498,1.49137236388936,0.977570957465377,1.26930490197881,0.00480839282574214,1.29171467033998,0.685376816244713,3.5919870710979,0.607749281511677,2.79862161109471,1.47945896434474,1.00099993261393,1.00833437565366,2.81672554309019,0.0718294504862631,0.32602404976741,1.74678106743323,6.04931228481899,0.386305456773738,2.92581253516785,0.841381398644369,1.48766011471086,2.90480112373314,8.39159819537444,5.66334329261877
